,condition,outcome,persona,response
0,flimsy fish,gender,p0016,2
1,flimsy fish,gender,p0022,2
2,flimsy fish,gender,p0023,1
3,flimsy fish,gender,p0026,2
4,flimsy fish,gender,p0034,1
5,flimsy fish,gender,p0036,1
6,flimsy fish,gender,p0037,1
7,flimsy fish,gender,p0042,1
8,flimsy fish,gender,p0057,2
9,flimsy fish,gender,p0066,1
10,flimsy fish,gender,p0069,2
11,flimsy fish,gender,p0072,2
12,flimsy fish,gender,p0073,1
13,flimsy fish,gender,p0082,1
14,flimsy fish,gender,p0091,1
15,flimsy fish,gender,p0092,1
16,flimsy fish,gender,p0093,1
17,flimsy fish,gender,p0095,1
18,flimsy fish,gender,p0107,2
19,flimsy fish,gender,p0114,1
20,flimsy fish,gender,p0116,1
21,flimsy fish,gender,p0118,2
22,flimsy fish,gender,p0119,1
23,flimsy fish,gender,p0126,1
24,flimsy fish,gender,p0129,1
25,flimsy fish,gender,p0136,2
26,flimsy fish,gender,p0138,1
27,flimsy fish,gender,p0144,2
28,flimsy fish,gender,p0150,1
29,flimsy fish,gender,p0152,2
30,flimsy fish,gender,p0158,2
31,flimsy fish,gender,p0161,1
32,flimsy fish,gender,p0164,2
33,flimsy fish,gender,p0175,1
34,flimsy fish,gender,p0177,1
35,flimsy fish,gender,p0178,1
36,flimsy fish,gender,p0181,2
37,flimsy fish,gender,p0186,2
38,flimsy fish,gender,p0196,2
39,flimsy fish,gender,p0198,1
40,flimsy fish,gender,p0202,1
41,flimsy fish,gender,p0205,1
42,flimsy fish,gender,p0207,1
43,flimsy fish,gender,p0211,1
44,flimsy fish,gender,p0227,2
45,flimsy fish,gender,p0229,1
46,flimsy fish,gender,p0232,1
47,flimsy fish,gender,p0233,2
48,flimsy fish,gender,p0237,1
49,flimsy fish,gender,p0258,1
50,flimsy fish,gender,p0268,1
51,flimsy fish,gender,p0274,1
52,flimsy fish,gender,p0275,1
53,flimsy fish,gender,p0277,1
54,flimsy fish,gender,p0288,1
55,flimsy fish,gender,p0291,1
56,flimsy fish,gender,p0307,1
57,flimsy fish,gender,p0308,1
58,flimsy fish,gender,p0317,1
59,flimsy fish,gender,p0325,2
60,flimsy fish,gender,p0327,1
61,flimsy fish,gender,p0334,1
62,flimsy fish,gender,p0336,1
63,flimsy fish,gender,p0338,1
64,flimsy fish,gender,p0342,1
65,flimsy fish,gender,p0349,1
66,flimsy fish,gender,p0356,2
67,flimsy fish,gender,p0358,1
68,flimsy fish,gender,p0363,1
69,flimsy fish,gender,p0364,1
70,flimsy fish,gender,p0369,2
71,flimsy fish,gender,p0370,2
72,flimsy fish,gender,p0371,1
73,flimsy fish,gender,p0379,1
74,flimsy fish,gender,p0386,1
75,flimsy fish,gender,p0396,2
76,flimsy fish,gender,p0403,2
77,flimsy fish,gender,p0405,2
78,flimsy fish,gender,p0412,1
79,flimsy fish,gender,p0415,1
80,flimsy fish,gender,p0416,1
81,flimsy fish,gender,p0417,1
82,flimsy fish,gender,p0418,2
83,flimsy fish,gender,p0430,1
84,flimsy fish,gender,p0431,2
85,flimsy fish,gender,p0434,2
86,flimsy fish,gender,p0438,2
87,flimsy fish,gender,p0441,2
88,flimsy fish,gender,p0442,2
89,flimsy fish,gender,p0449,1
90,flimsy fish,gender,p0450,2
91,flimsy fish,gender,p0465,1
92,flimsy fish,gender,p0471,2
93,flimsy fish,gender,p0477,2
94,flimsy fish,gender,p0483,2
95,flimsy fish,gender,p0486,1
96,flimsy fish,gender,p0487,1
97,flimsy fish,gender,p0489,1
98,flimsy fish,gender,p0497,1
99,flimsy fish,gender,p0502,1
100,flimsy fish,gender,p0503,2
101,flimsy fish,gender,p0506,1
102,flimsy fish,gender,p0511,1
103,flimsy fish,gender,p0523,2
104,flimsy fish,gender,p0534,1
105,flimsy fish,gender,p0536,1
106,flimsy fish,gender,p0542,1
107,flimsy fish,gender,p0547,2
108,flimsy fish,gender,p0553,1
109,flimsy fish,gender,p0559,2
110,flimsy fish,gender,p0566,1
111,flimsy fish,gender,p0568,2
112,flimsy fish,gender,p0570,1
113,flimsy fish,gender,p0573,2
114,flimsy fish,gender,p0578,1
115,flimsy fish,gender,p0594,1
116,flimsy fish,gender,p0597,1
117,flimsy fish,gender,p0601,1
118,flimsy fish,gender,p0602,2
119,flimsy fish,gender,p0605,1
120,flimsy fish,gender,p0615,1
121,flimsy fish,gender,p0620,1
122,flimsy fish,gender,p0626,2
123,flimsy fish,gender,p0629,2
124,flimsy fish,gender,p0633,2
125,flimsy fish,gender,p0638,2
126,flimsy fish,gender,p0639,1
127,flimsy fish,gender,p0640,2
128,flimsy fish,gender,p0655,2
129,flimsy fish,gender,p0656,1
130,flimsy fish,gender,p0658,1
131,flimsy fish,gender,p0661,1
132,flimsy fish,gender,p0669,1
133,flimsy fish,gender,p0670,2
134,flimsy fish,gender,p0672,2
135,flimsy fish,gender,p0674,1
136,flimsy fish,gender,p0678,1
137,flimsy fish,gender,p0683,2
138,flimsy fish,gender,p0686,1
139,flimsy fish,gender,p0687,1
140,flimsy fish,gender,p0698,2
141,flimsy fish,gender,p0700,1
142,flimsy fish,gender,p0703,1
143,flimsy fish,gender,p0718,1
144,flimsy fish,gender,p0744,2
145,flimsy fish,gender,p0745,1
146,flimsy fish,gender,p0753,2
147,flimsy fish,gender,p0770,1
148,flimsy fish,gender,p0771,1
149,flimsy fish,gender,p0777,1
150,flimsy fish,gender,p0779,1
151,flimsy fish,gender,p0780,2
152,flimsy fish,gender,p0783,1
153,flimsy fish,gender,p0785,2
154,flimsy fish,gender,p0786,2
155,flimsy fish,gender,p0794,1
156,flimsy fish,gender,p0798,1
157,flimsy fish,gender,p0800,1
158,flimsy fish,gender,p0820,2
159,flimsy fish,gender,p0841,2
160,flimsy fish,gender,p0849,1
161,flimsy fish,gender,p0862,1
162,flimsy fish,gender,p0867,2
163,flimsy fish,gender,p0869,1
164,flimsy fish,gender,p0872,1
165,flimsy fish,gender,p0880,2
166,flimsy fish,gender,p0891,1
167,flimsy fish,gender,p0916,2
168,flimsy fish,gender,p0917,2
169,flimsy fish,gender,p0919,2
170,flimsy fish,gender,p0922,2
171,flimsy fish,gender,p0925,2
172,flimsy fish,gender,p0927,1
173,flimsy fish,gender,p0929,2
174,flimsy fish,gender,p0930,1
175,flimsy fish,gender,p0931,2
176,flimsy fish,gender,p0933,2
177,flimsy fish,gender,p0934,2
178,flimsy fish,gender,p0936,2
179,flimsy fish,gender,p0938,1
180,flimsy fish,gender,p0939,2
181,flimsy fish,gender,p0946,1
182,flimsy fish,gender,p0951,1
183,flimsy fish,gender,p0956,2
184,flimsy fish,gender,p0962,2
185,flimsy fish,gender,p0963,1
186,flimsy fish,gender,p0969,1
187,flimsy fish,gender,p0972,1
188,flimsy fish,gender,p0975,1
189,flimsy fish,gender,p0985,2
190,flimsy fish,gender,p0993,1
191,flimsy fish,gender,p0996,2
192,flimsy fish,gender,p1011,1
193,flimsy fish,gender,p1017,2
194,flimsy fish,gender,p1020,1
195,flimsy fish,gender,p1022,1
196,flimsy fish,gender,p1024,2
197,flimsy fish,gender,p1027,1
198,flimsy fish,gender,p1028,1
199,flimsy fish,gender,p1029,2
200,flimsy fish,gender,p1032,1
201,flimsy fish,gender,p1040,1
202,flimsy fish,gender,p1047,1
203,flimsy fish,gender,p1048,1
204,flimsy fish,gender,p1053,2
205,flimsy fish,gender,p1057,1
206,flimsy fish,gender,p1058,2
207,flimsy fish,gender,p1063,1
208,flimsy fish,gender,p1064,2
209,flimsy fish,gender,p1065,1
210,flimsy fish,gender,p1069,2
211,flimsy fish,gender,p1072,1
212,flimsy fish,gender,p1073,1
213,flimsy fish,gender,p1075,2
214,flimsy fish,gender,p1076,2
215,flimsy fish,gender,p1083,2
216,flimsy fish,gender,p1089,1
217,flimsy fish,gender,p1093,1
218,flimsy fish,gender,p1096,2
219,flimsy fish,gender,p1100,1
220,flimsy fish,gender,p1106,2
221,flimsy fish,gender,p1107,2
222,flimsy fish,gender,p1113,1
223,flimsy fish,gender,p1117,1
224,flimsy fish,gender,p1120,1
225,flimsy fish,gender,p1134,1
226,flimsy fish,gender,p1136,1
227,flimsy fish,gender,p1138,2
228,flimsy fish,gender,p1144,1
229,flimsy fish,gender,p1145,1
230,flimsy fish,gender,p1147,2
231,flimsy fish,gender,p1148,1
232,flimsy fish,gender,p1154,2
233,flimsy fish,gender,p1159,1
234,flimsy fish,gender,p1167,1
235,flimsy fish,gender,p1175,2
236,flimsy fish,gender,p1178,2
237,flimsy fish,gender,p1184,2
238,flimsy fish,gender,p1186,1
239,flimsy fish,gender,p1196,1
240,flimsy fish,gender,p1197,2
241,flimsy fish,gender,p1203,1
242,flimsy fish,gender,p1219,2
243,flimsy fish,gender,p1225,1
244,flimsy fish,gender,p1234,2
245,flimsy fish,gender,p1242,1
246,flimsy fish,gender,p1244,1
247,flimsy fish,gender,p1249,2
248,flimsy fish,gender,p1250,1
249,flimsy fish,gender,p1256,1
250,flimsy fish,gender,p1258,2
251,flimsy fish,gender,p1260,1
252,flimsy fish,gender,p1262,1
253,flimsy fish,gender,p1264,2
254,flimsy fish,gender,p1265,2
255,flimsy fish,gender,p1269,1
256,flimsy fish,gender,p1272,2
257,flimsy fish,gender,p1278,1
258,flimsy fish,gender,p1281,2
259,flimsy fish,gender,p1292,1
260,flimsy fish,gender,p1299,2
261,flimsy fish,gender,p1312,2
262,flimsy fish,gender,p1322,1
263,flimsy fish,gender,p1326,2
264,flimsy fish,gender,p1330,2
265,flimsy fish,gender,p1335,2
266,flimsy fish,gender,p1337,1
267,flimsy fish,gender,p1340,1
268,flimsy fish,gender,p1345,1
269,flimsy fish,gender,p1351,1
270,flimsy fish,gender,p1355,2
271,flimsy fish,gender,p1362,2
272,flimsy fish,gender,p1365,1
273,flimsy fish,gender,p1366,2
274,flimsy fish,gender,p1367,1
275,flimsy fish,gender,p1370,2
276,flimsy fish,gender,p1371,1
277,flimsy fish,gender,p1373,2
278,flimsy fish,gender,p1375,2
279,flimsy fish,gender,p1376,2
280,flimsy fish,gender,p1379,2
281,flimsy fish,gender,p1381,2
282,flimsy fish,gender,p1393,2
283,flimsy fish,gender,p1396,2
284,flimsy fish,gender,p1398,1
285,flimsy fish,gender,p1404,2
286,flimsy fish,gender,p1406,1
287,flimsy fish,gender,p1407,2
288,flimsy fish,gender,p1409,1
289,flimsy fish,gender,p1412,1
290,flimsy fish,gender,p1414,1
291,flimsy fish,gender,p1424,1
292,flimsy fish,gender,p1425,1
293,flimsy fish,gender,p1429,2
294,flimsy fish,gender,p1434,1
295,flimsy fish,gender,p1441,1
296,flimsy fish,gender,p1445,1
297,flimsy fish,gender,p1450,1
298,flimsy fish,gender,p1454,1
299,flimsy fish,gender,p1456,1
300,flimsy fish,gender,p1457,2
301,flimsy fish,gender,p1458,1
302,flimsy fish,gender,p1469,1
303,flimsy fish,gender,p1470,1
304,flimsy fish,gender,p1481,1
305,flimsy fish,gender,p1488,2
306,flimsy fish,gender,p1492,1
307,flimsy fish,gender,p1495,1
308,flimsy fish,gender,p1497,2
309,flimsy fish,gender,p1499,1
310,flimsy fish,gender,p1503,1
311,flimsy fish,gender,p1511,1
312,flimsy fish,gender,p1512,2
313,flimsy fish,gender,p1518,2
314,flimsy fish,gender,p1519,2
315,flimsy fish,gender,p1520,2
316,flimsy fish,gender,p1524,2
317,flimsy fish,gender,p1526,2
318,flimsy fish,gender,p1537,1
319,flimsy fish,gender,p1545,2
320,flimsy fish,gender,p1547,2
321,flimsy fish,gender,p1552,1
322,flimsy fish,gender,p1567,1
323,flimsy fish,gender,p1568,2
324,flimsy fish,gender,p1579,2
325,flimsy fish,gender,p1587,2
326,flimsy fish,gender,p1596,1
327,flimsy fish,gender,p1600,1
328,flimsy fish,gender,p1603,2
329,flimsy fish,gender,p1604,2
330,flimsy fish,gender,p1610,2
331,flimsy fish,gender,p1618,1
332,flimsy fish,gender,p1619,1
333,flimsy fish,gender,p1622,1
334,flimsy fish,gender,p1623,1
335,flimsy fish,gender,p1630,1
336,flimsy fish,gender,p1641,1
337,flimsy fish,gender,p1649,1
338,flimsy fish,gender,p1652,1
339,flimsy fish,gender,p1665,1
340,flimsy fish,gender,p1669,1
341,flimsy fish,gender,p1685,1
342,flimsy fish,gender,p1693,2
343,flimsy fish,gender,p1698,1
344,flimsy fish,gender,p1704,1
345,flimsy fish,gender,p1711,1
346,flimsy fish,gender,p1718,1
347,flimsy fish,gender,p1732,1
348,flimsy fish,gender,p1739,1
349,flimsy fish,gender,p1741,1
350,flimsy fish,gender,p1746,1
351,flimsy fish,gender,p1751,1
352,flimsy fish,gender,p1754,2
353,flimsy fish,gender,p1769,2
354,flimsy fish,gender,p1771,2
355,flimsy fish,gender,p1776,1
356,flimsy fish,gender,p1780,1
357,flimsy fish,gender,p1785,2
358,flimsy fish,gender,p1791,1
359,flimsy fish,gender,p1793,1
360,flimsy fish,gender,p1796,1
361,flimsy fish,gender,p1805,1
362,flimsy fish,gender,p1812,1
363,flimsy fish,gender,p1816,2
364,flimsy fish,gender,p1819,1
365,flimsy fish,gender,p1825,1
366,flimsy fish,gender,p1836,1
367,flimsy fish,gender,p1839,2
368,flimsy fish,gender,p1861,1
369,flimsy fish,gender,p1863,1
370,flimsy fish,gender,p1873,1
371,flimsy fish,gender,p1875,1
372,flimsy fish,gender,p1876,2
373,flimsy fish,gender,p1877,2
374,flimsy fish,gender,p1880,2
375,flimsy fish,gender,p1883,1
376,flimsy fish,gender,p1889,1
377,flimsy fish,gender,p1893,1
378,flimsy fish,gender,p1896,1
379,flimsy fish,gender,p1913,1
380,flimsy fish,gender,p1922,1
381,flimsy fish,gender,p1930,1
382,flimsy fish,gender,p1935,1
383,flimsy fish,gender,p1940,1
384,flimsy fish,gender,p1948,2
385,flimsy fish,gender,p1950,2
386,flimsy fish,gender,p1954,1
387,flimsy fish,gender,p1956,2
388,flimsy fish,gender,p1958,1
389,flimsy fish,gender,p1967,2
390,flimsy fish,gender,p1973,1
391,flimsy fish,gender,p1978,1
392,flimsy fish,gender,p1983,1
393,flimsy fish,gender,p1984,2
394,flimsy fish,gender,p1995,1
395,flimsy fish,gender,p1996,2
396,flimsy fish,gender,p1997,1
397,flimsy fish,gender,p2001,2
398,flimsy fish,gender,p2002,2
399,flimsy fish,gender,p2013,2
400,flimsy fish,gender,p2014,2
401,flimsy fish,gender,p2016,1
402,flimsy fish,gender,p2018,1
403,flimsy fish,gender,p2023,2
404,flimsy fish,gender,p2025,1
405,flimsy fish,gender,p2028,1
406,flimsy fish,gender,p2030,2
407,flimsy fish,gender,p2033,1
408,flimsy fish,gender,p2040,1
409,flimsy fish,gender,p2051,2
410,flimsy fish,gender,p2052,1
411,flimsy fish,gender,p2066,1
412,flimsy fish,gender,p2067,1
413,flimsy fish,gender,p2073,1
414,flimsy fish,gender,p2077,2
415,flimsy fish,gender,p2078,2
416,flimsy fish,gender,p2086,1
417,flimsy fish,gender,p2089,1
418,flimsy fish,gender,p2093,1
419,flimsy fish,gender,p2094,2
420,flimsy fish,gender,p2111,2
421,flimsy fish,gender,p2117,2
422,flimsy fish,gender,p2121,1
423,flimsy fish,gender,p2127,1
424,flimsy fish,gender,p2141,1
425,flimsy fish,gender,p2142,2
426,flimsy fish,gender,p2143,1
427,flimsy fish,gender,p2153,2
428,flimsy fish,gender,p2155,2
429,flimsy fish,gender,p2169,1
430,flimsy fish,gender,p2187,1
431,flimsy fish,gender,p2188,1
432,flimsy fish,gender,p2197,2
433,flimsy fish,gender,p2213,2
434,flimsy fish,gender,p2214,2
435,flimsy fish,gender,p2215,2
436,flimsy fish,gender,p2220,1
437,flimsy fish,gender,p2223,2
438,flimsy fish,gender,p2229,1
439,flimsy fish,gender,p2234,2
440,flimsy fish,gender,p2237,2
441,flimsy fish,gender,p2238,1
442,flimsy fish,gender,p2244,2
443,flimsy fish,gender,p2248,2
444,flimsy fish,gender,p2252,1
445,flimsy fish,gender,p2255,1
446,flimsy fish,gender,p2261,1
447,flimsy fish,gender,p2263,2
448,flimsy fish,gender,p2273,2
449,flimsy fish,gender,p2275,2
450,flimsy fish,gender,p2276,2
451,flimsy fish,gender,p2283,2
452,flimsy fish,gender,p2287,2
453,flimsy fish,gender,p2296,1
454,flimsy fish,gender,p2298,1
455,flimsy fish,gender,p2304,1
456,flimsy fish,gender,p2310,2
457,flimsy fish,gender,p2322,2
458,flimsy fish,gender,p2326,2
459,flimsy fish,gender,p2330,2
460,flimsy fish,gender,p2331,1
461,flimsy fish,gender,p2333,1
462,flimsy fish,gender,p2347,2
463,flimsy fish,gender,p2350,2
464,flimsy fish,gender,p2351,1
465,flimsy fish,gender,p2353,2
466,flimsy fish,gender,p2355,2
467,flimsy fish,gender,p2363,2
468,flimsy fish,gender,p2378,2
469,flimsy fish,gender,p2380,1
470,flimsy fish,gender,p2387,2
471,flimsy fish,gender,p2398,1
472,flimsy fish,gender,p2400,1
473,flimsy fish,gender,p2403,2
474,flimsy fish,gender,p2408,2
475,flimsy fish,gender,p2418,2
476,flimsy fish,gender,p2426,1
477,flimsy fish,gender,p2428,2
478,flimsy fish,gender,p2434,2
479,flimsy fish,gender,p2446,1
480,flimsy fish,gender,p2452,1
481,flimsy fish,gender,p2454,2
482,flimsy fish,gender,p2462,1
483,flimsy fish,gender,p2467,1
484,flimsy fish,gender,p2482,2
485,flimsy fish,gender,p2489,1
486,flimsy fish,gender,p2490,2
487,flimsy fish,gender,p2494,2
488,flimsy fish,gender,p2502,1
489,flimsy fish,gender,p2503,2
490,flimsy fish,gender,p2522,1
491,flimsy fish,gender,p2524,1
492,flimsy fish,gender,p2533,2
493,flimsy fish,gender,p2566,2
494,flimsy fish,gender,p2571,1
495,flimsy fish,gender,p2573,1
496,flimsy fish,gender,p2582,1
497,flimsy fish,gender,p2591,1
498,flimsy fish,gender,p2592,2
499,flimsy fish,gender,p2595,2
500,flimsy fish,year_birth,p0016,1970
501,flimsy fish,year_birth,p0022,1991
502,flimsy fish,year_birth,p0023,1958
503,flimsy fish,year_birth,p0026,1965
504,flimsy fish,year_birth,p0034,1950
505,flimsy fish,year_birth,p0036,1994
506,flimsy fish,year_birth,p0037,1969
507,flimsy fish,year_birth,p0042,1960
508,flimsy fish,year_birth,p0057,1981
509,flimsy fish,year_birth,p0066,1966
510,flimsy fish,year_birth,p0069,1986
511,flimsy fish,year_birth,p0072,1987
512,flimsy fish,year_birth,p0073,1982
513,flimsy fish,year_birth,p0082,1973
514,flimsy fish,year_birth,p0091,1995
515,flimsy fish,year_birth,p0092,1980
516,flimsy fish,year_birth,p0093,1947
517,flimsy fish,year_birth,p0095,1946
518,flimsy fish,year_birth,p0107,1964
519,flimsy fish,year_birth,p0114,1987
520,flimsy fish,year_birth,p0116,1986
521,flimsy fish,year_birth,p0118,1998
522,flimsy fish,year_birth,p0119,1989
523,flimsy fish,year_birth,p0126,1961
524,flimsy fish,year_birth,p0129,1951
525,flimsy fish,year_birth,p0136,1986
526,flimsy fish,year_birth,p0138,1947
527,flimsy fish,year_birth,p0144,1989
528,flimsy fish,year_birth,p0150,1975
529,flimsy fish,year_birth,p0152,1973
530,flimsy fish,year_birth,p0158,1948
531,flimsy fish,year_birth,p0161,1984
532,flimsy fish,year_birth,p0164,1955
533,flimsy fish,year_birth,p0175,1954
534,flimsy fish,year_birth,p0177,1972
535,flimsy fish,year_birth,p0178,1991
536,flimsy fish,year_birth,p0181,1970
537,flimsy fish,year_birth,p0186,1968
538,flimsy fish,year_birth,p0196,1993
539,flimsy fish,year_birth,p0198,1949
540,flimsy fish,year_birth,p0202,1950
541,flimsy fish,year_birth,p0205,1944
542,flimsy fish,year_birth,p0207,1932
543,flimsy fish,year_birth,p0211,1947
544,flimsy fish,year_birth,p0227,1978
545,flimsy fish,year_birth,p0229,1957
546,flimsy fish,year_birth,p0232,1939
547,flimsy fish,year_birth,p0233,1951
548,flimsy fish,year_birth,p0237,1984
549,flimsy fish,year_birth,p0258,1936
550,flimsy fish,year_birth,p0268,1927
551,flimsy fish,year_birth,p0274,1981
552,flimsy fish,year_birth,p0275,1970
553,flimsy fish,year_birth,p0277,1975
554,flimsy fish,year_birth,p0288,1970
555,flimsy fish,year_birth,p0291,1936
556,flimsy fish,year_birth,p0307,1996
557,flimsy fish,year_birth,p0308,1998
558,flimsy fish,year_birth,p0317,1960
559,flimsy fish,year_birth,p0325,1989
560,flimsy fish,year_birth,p0327,1958
561,flimsy fish,year_birth,p0334,1956
562,flimsy fish,year_birth,p0336,1987
563,flimsy fish,year_birth,p0338,1977
564,flimsy fish,year_birth,p0342,1981
565,flimsy fish,year_birth,p0349,1975
566,flimsy fish,year_birth,p0356,1991
567,flimsy fish,year_birth,p0358,1956
568,flimsy fish,year_birth,p0363,1956
569,flimsy fish,year_birth,p0364,1981
570,flimsy fish,year_birth,p0369,1989
571,flimsy fish,year_birth,p0370,1983
572,flimsy fish,year_birth,p0371,1959
573,flimsy fish,year_birth,p0379,1962
574,flimsy fish,year_birth,p0386,1986
575,flimsy fish,year_birth,p0396,1987
576,flimsy fish,year_birth,p0403,1988
577,flimsy fish,year_birth,p0405,1990
578,flimsy fish,year_birth,p0412,1963
579,flimsy fish,year_birth,p0415,1992
580,flimsy fish,year_birth,p0416,1982
581,flimsy fish,year_birth,p0417,1983
582,flimsy fish,year_birth,p0418,1952
583,flimsy fish,year_birth,p0430,1944
584,flimsy fish,year_birth,p0431,1998
585,flimsy fish,year_birth,p0434,1964
586,flimsy fish,year_birth,p0438,1977
587,flimsy fish,year_birth,p0441,1988
588,flimsy fish,year_birth,p0442,1994
589,flimsy fish,year_birth,p0449,1957
590,flimsy fish,year_birth,p0450,1951
591,flimsy fish,year_birth,p0465,1965
592,flimsy fish,year_birth,p0471,1987
593,flimsy fish,year_birth,p0477,1970
594,flimsy fish,year_birth,p0483,1993
595,flimsy fish,year_birth,p0486,1990
596,flimsy fish,year_birth,p0487,1983
597,flimsy fish,year_birth,p0489,1959
598,flimsy fish,year_birth,p0497,1946
599,flimsy fish,year_birth,p0502,1953
600,flimsy fish,year_birth,p0503,1991
601,flimsy fish,year_birth,p0506,1987
602,flimsy fish,year_birth,p0511,1989
603,flimsy fish,year_birth,p0523,1993
604,flimsy fish,year_birth,p0534,1954
605,flimsy fish,year_birth,p0536,1982
606,flimsy fish,year_birth,p0542,1948
607,flimsy fish,year_birth,p0547,1954
608,flimsy fish,year_birth,p0553,1966
609,flimsy fish,year_birth,p0559,1991
610,flimsy fish,year_birth,p0566,1984
611,flimsy fish,year_birth,p0568,1972
612,flimsy fish,year_birth,p0570,1977
613,flimsy fish,year_birth,p0573,1987
614,flimsy fish,year_birth,p0578,1967
615,flimsy fish,year_birth,p0594,1984
616,flimsy fish,year_birth,p0597,1958
617,flimsy fish,year_birth,p0601,1996
618,flimsy fish,year_birth,p0602,1952
619,flimsy fish,year_birth,p0605,1987
620,flimsy fish,year_birth,p0615,1966
621,flimsy fish,year_birth,p0620,1994
622,flimsy fish,year_birth,p0626,1980
623,flimsy fish,year_birth,p0629,1995
624,flimsy fish,year_birth,p0633,1996
625,flimsy fish,year_birth,p0638,1989
626,flimsy fish,year_birth,p0639,1976
627,flimsy fish,year_birth,p0640,1951
628,flimsy fish,year_birth,p0655,1998
629,flimsy fish,year_birth,p0656,1991
630,flimsy fish,year_birth,p0658,1968
631,flimsy fish,year_birth,p0661,1988
632,flimsy fish,year_birth,p0669,1960
633,flimsy fish,year_birth,p0670,1980
634,flimsy fish,year_birth,p0672,1973
635,flimsy fish,year_birth,p0674,1985
636,flimsy fish,year_birth,p0678,1978
637,flimsy fish,year_birth,p0683,1949
638,flimsy fish,year_birth,p0686,1977
639,flimsy fish,year_birth,p0687,1953
640,flimsy fish,year_birth,p0698,1963
641,flimsy fish,year_birth,p0700,1981
642,flimsy fish,year_birth,p0703,1970
643,flimsy fish,year_birth,p0718,1984
644,flimsy fish,year_birth,p0744,1987
645,flimsy fish,year_birth,p0745,1987
646,flimsy fish,year_birth,p0753,1992
647,flimsy fish,year_birth,p0770,1985
648,flimsy fish,year_birth,p0771,1964
649,flimsy fish,year_birth,p0777,1982
650,flimsy fish,year_birth,p0779,1964
651,flimsy fish,year_birth,p0780,1970
652,flimsy fish,year_birth,p0783,1947
653,flimsy fish,year_birth,p0785,1994
654,flimsy fish,year_birth,p0786,1970
655,flimsy fish,year_birth,p0794,1952
656,flimsy fish,year_birth,p0798,1947
657,flimsy fish,year_birth,p0800,1967
658,flimsy fish,year_birth,p0820,1982
659,flimsy fish,year_birth,p0841,1985
660,flimsy fish,year_birth,p0849,1970
661,flimsy fish,year_birth,p0862,1989
662,flimsy fish,year_birth,p0867,1969
663,flimsy fish,year_birth,p0869,1955
664,flimsy fish,year_birth,p0872,1972
665,flimsy fish,year_birth,p0880,1993
666,flimsy fish,year_birth,p0891,1984
667,flimsy fish,year_birth,p0916,1989
668,flimsy fish,year_birth,p0917,1987
669,flimsy fish,year_birth,p0919,1991
670,flimsy fish,year_birth,p0922,1957
671,flimsy fish,year_birth,p0925,1966
672,flimsy fish,year_birth,p0927,1990
673,flimsy fish,year_birth,p0929,1991
674,flimsy fish,year_birth,p0930,1984
675,flimsy fish,year_birth,p0931,1958
676,flimsy fish,year_birth,p0933,1986
677,flimsy fish,year_birth,p0934,1978
678,flimsy fish,year_birth,p0936,1976
679,flimsy fish,year_birth,p0938,1982
680,flimsy fish,year_birth,p0939,1984
681,flimsy fish,year_birth,p0946,1980
682,flimsy fish,year_birth,p0951,1963
683,flimsy fish,year_birth,p0956,1988
684,flimsy fish,year_birth,p0962,1942
685,flimsy fish,year_birth,p0963,1990
686,flimsy fish,year_birth,p0969,1960
687,flimsy fish,year_birth,p0972,1956
688,flimsy fish,year_birth,p0975,1952
689,flimsy fish,year_birth,p0985,1994
690,flimsy fish,year_birth,p0993,1983
691,flimsy fish,year_birth,p0996,1956
692,flimsy fish,year_birth,p1011,1961
693,flimsy fish,year_birth,p1017,1992
694,flimsy fish,year_birth,p1020,1953
695,flimsy fish,year_birth,p1022,1995
696,flimsy fish,year_birth,p1024,1972
697,flimsy fish,year_birth,p1027,1996
698,flimsy fish,year_birth,p1028,1985
699,flimsy fish,year_birth,p1029,1986
700,flimsy fish,year_birth,p1032,1972
701,flimsy fish,year_birth,p1040,1990
702,flimsy fish,year_birth,p1047,1997
703,flimsy fish,year_birth,p1048,1985
704,flimsy fish,year_birth,p1053,1987
705,flimsy fish,year_birth,p1057,1986
706,flimsy fish,year_birth,p1058,1988
707,flimsy fish,year_birth,p1063,1960
708,flimsy fish,year_birth,p1064,1955
709,flimsy fish,year_birth,p1065,1955
710,flimsy fish,year_birth,p1069,1981
711,flimsy fish,year_birth,p1072,1986
712,flimsy fish,year_birth,p1073,1980
713,flimsy fish,year_birth,p1075,1965
714,flimsy fish,year_birth,p1076,1997
715,flimsy fish,year_birth,p1083,1950
716,flimsy fish,year_birth,p1089,1992
717,flimsy fish,year_birth,p1093,1995
718,flimsy fish,year_birth,p1096,1988
719,flimsy fish,year_birth,p1100,1972
720,flimsy fish,year_birth,p1106,1988
721,flimsy fish,year_birth,p1107,1955
722,flimsy fish,year_birth,p1113,1984
723,flimsy fish,year_birth,p1117,1940
724,flimsy fish,year_birth,p1120,1956
725,flimsy fish,year_birth,p1134,1951
726,flimsy fish,year_birth,p1136,1967
727,flimsy fish,year_birth,p1138,1969
728,flimsy fish,year_birth,p1144,1962
729,flimsy fish,year_birth,p1145,1952
730,flimsy fish,year_birth,p1147,1989
731,flimsy fish,year_birth,p1148,1982
732,flimsy fish,year_birth,p1154,1985
733,flimsy fish,year_birth,p1159,1957
734,flimsy fish,year_birth,p1167,1965
735,flimsy fish,year_birth,p1175,1989
736,flimsy fish,year_birth,p1178,1989
737,flimsy fish,year_birth,p1184,1979
738,flimsy fish,year_birth,p1186,1970
739,flimsy fish,year_birth,p1196,1996
740,flimsy fish,year_birth,p1197,1974
741,flimsy fish,year_birth,p1203,1954
742,flimsy fish,year_birth,p1219,1994
743,flimsy fish,year_birth,p1225,1952
744,flimsy fish,year_birth,p1234,1996
745,flimsy fish,year_birth,p1242,1954
746,flimsy fish,year_birth,p1244,1976
747,flimsy fish,year_birth,p1249,1972
748,flimsy fish,year_birth,p1250,1960
749,flimsy fish,year_birth,p1256,1979
750,flimsy fish,year_birth,p1258,1986
751,flimsy fish,year_birth,p1260,1982
752,flimsy fish,year_birth,p1262,1972
753,flimsy fish,year_birth,p1264,1997
754,flimsy fish,year_birth,p1265,1987
755,flimsy fish,year_birth,p1269,1983
756,flimsy fish,year_birth,p1272,1998
757,flimsy fish,year_birth,p1278,1988
758,flimsy fish,year_birth,p1281,1989
759,flimsy fish,year_birth,p1292,1990
760,flimsy fish,year_birth,p1299,1964
761,flimsy fish,year_birth,p1312,1984
762,flimsy fish,year_birth,p1322,1986
763,flimsy fish,year_birth,p1326,1985
764,flimsy fish,year_birth,p1330,1962
765,flimsy fish,year_birth,p1335,1991
766,flimsy fish,year_birth,p1337,1965
767,flimsy fish,year_birth,p1340,1983
768,flimsy fish,year_birth,p1345,1960
769,flimsy fish,year_birth,p1351,1932
770,flimsy fish,year_birth,p1355,1991
771,flimsy fish,year_birth,p1362,1941
772,flimsy fish,year_birth,p1365,1961
773,flimsy fish,year_birth,p1366,1958
774,flimsy fish,year_birth,p1367,1984
775,flimsy fish,year_birth,p1370,1936
776,flimsy fish,year_birth,p1371,1969
777,flimsy fish,year_birth,p1373,1991
778,flimsy fish,year_birth,p1375,1980
779,flimsy fish,year_birth,p1376,1986
780,flimsy fish,year_birth,p1379,1977
781,flimsy fish,year_birth,p1381,1952
782,flimsy fish,year_birth,p1393,1974
783,flimsy fish,year_birth,p1396,1970
784,flimsy fish,year_birth,p1398,1978
785,flimsy fish,year_birth,p1404,1960
786,flimsy fish,year_birth,p1406,1961
787,flimsy fish,year_birth,p1407,1987
788,flimsy fish,year_birth,p1409,1954
789,flimsy fish,year_birth,p1412,1966
790,flimsy fish,year_birth,p1414,1981
791,flimsy fish,year_birth,p1424,1968
792,flimsy fish,year_birth,p1425,1968
793,flimsy fish,year_birth,p1429,1971
794,flimsy fish,year_birth,p1434,1976
795,flimsy fish,year_birth,p1441,1975
796,flimsy fish,year_birth,p1445,1956
797,flimsy fish,year_birth,p1450,1993
798,flimsy fish,year_birth,p1454,1967
799,flimsy fish,year_birth,p1456,1978
800,flimsy fish,year_birth,p1457,1987
801,flimsy fish,year_birth,p1458,1966
802,flimsy fish,year_birth,p1469,1979
803,flimsy fish,year_birth,p1470,1961
804,flimsy fish,year_birth,p1481,1958
805,flimsy fish,year_birth,p1488,1973
806,flimsy fish,year_birth,p1492,1976
807,flimsy fish,year_birth,p1495,1943
808,flimsy fish,year_birth,p1497,1965
809,flimsy fish,year_birth,p1499,1993
810,flimsy fish,year_birth,p1503,1963
811,flimsy fish,year_birth,p1511,1960
812,flimsy fish,year_birth,p1512,1989
813,flimsy fish,year_birth,p1518,1992
814,flimsy fish,year_birth,p1519,1995
815,flimsy fish,year_birth,p1520,1988
816,flimsy fish,year_birth,p1524,1968
817,flimsy fish,year_birth,p1526,1982
818,flimsy fish,year_birth,p1537,1937
819,flimsy fish,year_birth,p1545,1975
820,flimsy fish,year_birth,p1547,1968
821,flimsy fish,year_birth,p1552,1989
822,flimsy fish,year_birth,p1567,1949
823,flimsy fish,year_birth,p1568,1950
824,flimsy fish,year_birth,p1579,1951
825,flimsy fish,year_birth,p1587,1965
826,flimsy fish,year_birth,p1596,1953
827,flimsy fish,year_birth,p1600,1974
828,flimsy fish,year_birth,p1603,1990
829,flimsy fish,year_birth,p1604,1955
830,flimsy fish,year_birth,p1610,1978
831,flimsy fish,year_birth,p1618,1971
832,flimsy fish,year_birth,p1619,1948
833,flimsy fish,year_birth,p1622,1956
834,flimsy fish,year_birth,p1623,1971
835,flimsy fish,year_birth,p1630,1999
836,flimsy fish,year_birth,p1641,1944
837,flimsy fish,year_birth,p1649,1943
838,flimsy fish,year_birth,p1652,1971
839,flimsy fish,year_birth,p1665,1980
840,flimsy fish,year_birth,p1669,1968
841,flimsy fish,year_birth,p1685,1956
842,flimsy fish,year_birth,p1693,1986
843,flimsy fish,year_birth,p1698,1973
844,flimsy fish,year_birth,p1704,1976
845,flimsy fish,year_birth,p1711,1969
846,flimsy fish,year_birth,p1718,1975
847,flimsy fish,year_birth,p1732,1971
848,flimsy fish,year_birth,p1739,1943
849,flimsy fish,year_birth,p1741,1942
850,flimsy fish,year_birth,p1746,1975
851,flimsy fish,year_birth,p1751,1987
852,flimsy fish,year_birth,p1754,1959
853,flimsy fish,year_birth,p1769,1971
854,flimsy fish,year_birth,p1771,1968
855,flimsy fish,year_birth,p1776,1953
856,flimsy fish,year_birth,p1780,1969
857,flimsy fish,year_birth,p1785,1979
858,flimsy fish,year_birth,p1791,1986
859,flimsy fish,year_birth,p1793,1957
860,flimsy fish,year_birth,p1796,1952
861,flimsy fish,year_birth,p1805,1981
862,flimsy fish,year_birth,p1812,1979
863,flimsy fish,year_birth,p1816,1972
864,flimsy fish,year_birth,p1819,1972
865,flimsy fish,year_birth,p1825,1951
866,flimsy fish,year_birth,p1836,1995
867,flimsy fish,year_birth,p1839,1940
868,flimsy fish,year_birth,p1861,1961
869,flimsy fish,year_birth,p1863,1930
870,flimsy fish,year_birth,p1873,1979
871,flimsy fish,year_birth,p1875,1955
872,flimsy fish,year_birth,p1876,1971
873,flimsy fish,year_birth,p1877,1996
874,flimsy fish,year_birth,p1880,1977
875,flimsy fish,year_birth,p1883,1970
876,flimsy fish,year_birth,p1889,1978
877,flimsy fish,year_birth,p1893,1982
878,flimsy fish,year_birth,p1896,1991
879,flimsy fish,year_birth,p1913,1969
880,flimsy fish,year_birth,p1922,1942
881,flimsy fish,year_birth,p1930,1970
882,flimsy fish,year_birth,p1935,1946
883,flimsy fish,year_birth,p1940,1977
884,flimsy fish,year_birth,p1948,1994
885,flimsy fish,year_birth,p1950,1963
886,flimsy fish,year_birth,p1954,1972
887,flimsy fish,year_birth,p1956,1959
888,flimsy fish,year_birth,p1958,1978
889,flimsy fish,year_birth,p1967,1979
890,flimsy fish,year_birth,p1973,1995
891,flimsy fish,year_birth,p1978,1953
892,flimsy fish,year_birth,p1983,1976
893,flimsy fish,year_birth,p1984,1956
894,flimsy fish,year_birth,p1995,1942
895,flimsy fish,year_birth,p1996,1977
896,flimsy fish,year_birth,p1997,1972
897,flimsy fish,year_birth,p2001,1977
898,flimsy fish,year_birth,p2002,1968
899,flimsy fish,year_birth,p2013,1980
900,flimsy fish,year_birth,p2014,1968
901,flimsy fish,year_birth,p2016,1962
902,flimsy fish,year_birth,p2018,1980
903,flimsy fish,year_birth,p2023,1969
904,flimsy fish,year_birth,p2025,1937
905,flimsy fish,year_birth,p2028,1953
906,flimsy fish,year_birth,p2030,1973
907,flimsy fish,year_birth,p2033,1978
908,flimsy fish,year_birth,p2040,1947
909,flimsy fish,year_birth,p2051,1991
910,flimsy fish,year_birth,p2052,1971
911,flimsy fish,year_birth,p2066,1942
912,flimsy fish,year_birth,p2067,1953
913,flimsy fish,year_birth,p2073,1994
914,flimsy fish,year_birth,p2077,1994
915,flimsy fish,year_birth,p2078,1988
916,flimsy fish,year_birth,p2086,1964
917,flimsy fish,year_birth,p2089,1981
918,flimsy fish,year_birth,p2093,1956
919,flimsy fish,year_birth,p2094,1945
920,flimsy fish,year_birth,p2111,1997
921,flimsy fish,year_birth,p2117,1979
922,flimsy fish,year_birth,p2121,1958
923,flimsy fish,year_birth,p2127,1969
924,flimsy fish,year_birth,p2141,1996
925,flimsy fish,year_birth,p2142,1999
926,flimsy fish,year_birth,p2143,1971
927,flimsy fish,year_birth,p2153,1984
928,flimsy fish,year_birth,p2155,1973
929,flimsy fish,year_birth,p2169,1961
930,flimsy fish,year_birth,p2187,1991
931,flimsy fish,year_birth,p2188,1974
932,flimsy fish,year_birth,p2197,1986
933,flimsy fish,year_birth,p2213,1997
934,flimsy fish,year_birth,p2214,1989
935,flimsy fish,year_birth,p2215,1992
936,flimsy fish,year_birth,p2220,1971
937,flimsy fish,year_birth,p2223,1990
938,flimsy fish,year_birth,p2229,1985
939,flimsy fish,year_birth,p2234,1991
940,flimsy fish,year_birth,p2237,1960
941,flimsy fish,year_birth,p2238,1957
942,flimsy fish,year_birth,p2244,1987
943,flimsy fish,year_birth,p2248,1966
944,flimsy fish,year_birth,p2252,1999
945,flimsy fish,year_birth,p2255,1950
946,flimsy fish,year_birth,p2261,1960
947,flimsy fish,year_birth,p2263,1974
948,flimsy fish,year_birth,p2273,1993
949,flimsy fish,year_birth,p2275,1984
950,flimsy fish,year_birth,p2276,1985
951,flimsy fish,year_birth,p2283,1964
952,flimsy fish,year_birth,p2287,1957
953,flimsy fish,year_birth,p2296,1992
954,flimsy fish,year_birth,p2298,1994
955,flimsy fish,year_birth,p2304,1995
956,flimsy fish,year_birth,p2310,1986
957,flimsy fish,year_birth,p2322,1988
958,flimsy fish,year_birth,p2326,1990
959,flimsy fish,year_birth,p2330,1996
960,flimsy fish,year_birth,p2331,1997
961,flimsy fish,year_birth,p2333,1967
962,flimsy fish,year_birth,p2347,1972
963,flimsy fish,year_birth,p2350,1989
964,flimsy fish,year_birth,p2351,1986
965,flimsy fish,year_birth,p2353,1998
966,flimsy fish,year_birth,p2355,1988
967,flimsy fish,year_birth,p2363,1982
968,flimsy fish,year_birth,p2378,1994
969,flimsy fish,year_birth,p2380,1994
970,flimsy fish,year_birth,p2387,1986
971,flimsy fish,year_birth,p2398,1990
972,flimsy fish,year_birth,p2400,1961
973,flimsy fish,year_birth,p2403,1971
974,flimsy fish,year_birth,p2408,1980
975,flimsy fish,year_birth,p2418,1987
976,flimsy fish,year_birth,p2426,1951
977,flimsy fish,year_birth,p2428,1989
978,flimsy fish,year_birth,p2434,1968
979,flimsy fish,year_birth,p2446,1983
980,flimsy fish,year_birth,p2452,1975
981,flimsy fish,year_birth,p2454,1978
982,flimsy fish,year_birth,p2462,1993
983,flimsy fish,year_birth,p2467,1972
984,flimsy fish,year_birth,p2482,1967
985,flimsy fish,year_birth,p2489,1952
986,flimsy fish,year_birth,p2490,1998
987,flimsy fish,year_birth,p2494,1947
988,flimsy fish,year_birth,p2502,1955
989,flimsy fish,year_birth,p2503,1987
990,flimsy fish,year_birth,p2522,1945
991,flimsy fish,year_birth,p2524,1946
992,flimsy fish,year_birth,p2533,1951
993,flimsy fish,year_birth,p2566,1968
994,flimsy fish,year_birth,p2571,1952
995,flimsy fish,year_birth,p2573,1969
996,flimsy fish,year_birth,p2582,1985
997,flimsy fish,year_birth,p2591,1986
998,flimsy fish,year_birth,p2592,1981
999,flimsy fish,year_birth,p2595,1973
1000,flimsy fish,race,p0016,1
1001,flimsy fish,race,p0022,1
1002,flimsy fish,race,p0023,1
1003,flimsy fish,race,p0026,1
1004,flimsy fish,race,p0034,1
1005,flimsy fish,race,p0036,1
1006,flimsy fish,race,p0037,1
1007,flimsy fish,race,p0042,1
1008,flimsy fish,race,p0057,1
1009,flimsy fish,race,p0066,1
1010,flimsy fish,race,p0069,1
1011,flimsy fish,race,p0072,1
1012,flimsy fish,race,p0073,1
1013,flimsy fish,race,p0082,1
1014,flimsy fish,race,p0091,1
1015,flimsy fish,race,p0092,2
1016,flimsy fish,race,p0093,1
1017,flimsy fish,race,p0095,1
1018,flimsy fish,race,p0107,1
1019,flimsy fish,race,p0114,1
1020,flimsy fish,race,p0116,1
1021,flimsy fish,race,p0118,1
1022,flimsy fish,race,p0119,1
1023,flimsy fish,race,p0126,1
1024,flimsy fish,race,p0129,1
1025,flimsy fish,race,p0136,1
1026,flimsy fish,race,p0138,1
1027,flimsy fish,race,p0144,5
1028,flimsy fish,race,p0150,2
1029,flimsy fish,race,p0152,1
1030,flimsy fish,race,p0158,1
1031,flimsy fish,race,p0161,1
1032,flimsy fish,race,p0164,1
1033,flimsy fish,race,p0175,1
1034,flimsy fish,race,p0177,5
1035,flimsy fish,race,p0178,1
1036,flimsy fish,race,p0181,1
1037,flimsy fish,race,p0186,1
1038,flimsy fish,race,p0196,1
1039,flimsy fish,race,p0198,1
1040,flimsy fish,race,p0202,1
1041,flimsy fish,race,p0205,1
1042,flimsy fish,race,p0207,1
1043,flimsy fish,race,p0211,1
1044,flimsy fish,race,p0227,5
1045,flimsy fish,race,p0229,2
1046,flimsy fish,race,p0232,1
1047,flimsy fish,race,p0233,1
1048,flimsy fish,race,p0237,1
1049,flimsy fish,race,p0258,1
1050,flimsy fish,race,p0268,1
1051,flimsy fish,race,p0274,2
1052,flimsy fish,race,p0275,2
1053,flimsy fish,race,p0277,2
1054,flimsy fish,race,p0288,2
1055,flimsy fish,race,p0291,1
1056,flimsy fish,race,p0307,1
1057,flimsy fish,race,p0308,1
1058,flimsy fish,race,p0317,1
1059,flimsy fish,race,p0325,1
1060,flimsy fish,race,p0327,1
1061,flimsy fish,race,p0334,1
1062,flimsy fish,race,p0336,1
1063,flimsy fish,race,p0338,1
1064,flimsy fish,race,p0342,2
1065,flimsy fish,race,p0349,1
1066,flimsy fish,race,p0356,1
1067,flimsy fish,race,p0358,1
1068,flimsy fish,race,p0363,1
1069,flimsy fish,race,p0364,1
1070,flimsy fish,race,p0369,1
1071,flimsy fish,race,p0370,1
1072,flimsy fish,race,p0371,1
1073,flimsy fish,race,p0379,1
1074,flimsy fish,race,p0386,1
1075,flimsy fish,race,p0396,1
1076,flimsy fish,race,p0403,2
1077,flimsy fish,race,p0405,1
1078,flimsy fish,race,p0412,1
1079,flimsy fish,race,p0415,1
1080,flimsy fish,race,p0416,1
1081,flimsy fish,race,p0417,1
1082,flimsy fish,race,p0418,1
1083,flimsy fish,race,p0430,1
1084,flimsy fish,race,p0431,1
1085,flimsy fish,race,p0434,1
1086,flimsy fish,race,p0438,1
1087,flimsy fish,race,p0441,5
1088,flimsy fish,race,p0442,2
1089,flimsy fish,race,p0449,1
1090,flimsy fish,race,p0450,1
1091,flimsy fish,race,p0465,1
1092,flimsy fish,race,p0471,1
1093,flimsy fish,race,p0477,1
1094,flimsy fish,race,p0483,2
1095,flimsy fish,race,p0486,1
1096,flimsy fish,race,p0487,1
1097,flimsy fish,race,p0489,1
1098,flimsy fish,race,p0497,1
1099,flimsy fish,race,p0502,1
1100,flimsy fish,race,p0503,1
1101,flimsy fish,race,p0506,1
1102,flimsy fish,race,p0511,1
1103,flimsy fish,race,p0523,1
1104,flimsy fish,race,p0534,1
1105,flimsy fish,race,p0536,1
1106,flimsy fish,race,p0542,1
1107,flimsy fish,race,p0547,1
1108,flimsy fish,race,p0553,1
1109,flimsy fish,race,p0559,1
1110,flimsy fish,race,p0566,1
1111,flimsy fish,race,p0568,5
1112,flimsy fish,race,p0570,2
1113,flimsy fish,race,p0573,1
1114,flimsy fish,race,p0578,1
1115,flimsy fish,race,p0594,1
1116,flimsy fish,race,p0597,1
1117,flimsy fish,race,p0601,1
1118,flimsy fish,race,p0602,1
1119,flimsy fish,race,p0605,1
1120,flimsy fish,race,p0615,1
1121,flimsy fish,race,p0620,1
1122,flimsy fish,race,p0626,1
1123,flimsy fish,race,p0629,1
1124,flimsy fish,race,p0633,1
1125,flimsy fish,race,p0638,1
1126,flimsy fish,race,p0639,1
1127,flimsy fish,race,p0640,1
1128,flimsy fish,race,p0655,1
1129,flimsy fish,race,p0656,2
1130,flimsy fish,race,p0658,1
1131,flimsy fish,race,p0661,1
1132,flimsy fish,race,p0669,1
1133,flimsy fish,race,p0670,2
1134,flimsy fish,race,p0672,5
1135,flimsy fish,race,p0674,1
1136,flimsy fish,race,p0678,1
1137,flimsy fish,race,p0683,1
1138,flimsy fish,race,p0686,1
1139,flimsy fish,race,p0687,5
1140,flimsy fish,race,p0698,1
1141,flimsy fish,race,p0700,1
1142,flimsy fish,race,p0703,1
1143,flimsy fish,race,p0718,2
1144,flimsy fish,race,p0744,1
1145,flimsy fish,race,p0745,1
1146,flimsy fish,race,p0753,1
1147,flimsy fish,race,p0770,1
1148,flimsy fish,race,p0771,5
1149,flimsy fish,race,p0777,1
1150,flimsy fish,race,p0779,1
1151,flimsy fish,race,p0780,1
1152,flimsy fish,race,p0783,1
1153,flimsy fish,race,p0785,1
1154,flimsy fish,race,p0786,2
1155,flimsy fish,race,p0794,1
1156,flimsy fish,race,p0798,1
1157,flimsy fish,race,p0800,1
1158,flimsy fish,race,p0820,1
1159,flimsy fish,race,p0841,1
1160,flimsy fish,race,p0849,1
1161,flimsy fish,race,p0862,5
1162,flimsy fish,race,p0867,2
1163,flimsy fish,race,p0869,1
1164,flimsy fish,race,p0872,1
1165,flimsy fish,race,p0880,5
1166,flimsy fish,race,p0891,1
1167,flimsy fish,race,p0916,1
1168,flimsy fish,race,p0917,1
1169,flimsy fish,race,p0919,1
1170,flimsy fish,race,p0922,1
1171,flimsy fish,race,p0925,1
1172,flimsy fish,race,p0927,1
1173,flimsy fish,race,p0929,1
1174,flimsy fish,race,p0930,1
1175,flimsy fish,race,p0931,1
1176,flimsy fish,race,p0933,5
1177,flimsy fish,race,p0934,1
1178,flimsy fish,race,p0936,1
1179,flimsy fish,race,p0938,1
1180,flimsy fish,race,p0939,1
1181,flimsy fish,race,p0946,1
1182,flimsy fish,race,p0951,2
1183,flimsy fish,race,p0956,1
1184,flimsy fish,race,p0962,1
1185,flimsy fish,race,p0963,1
1186,flimsy fish,race,p0969,1
1187,flimsy fish,race,p0972,1
1188,flimsy fish,race,p0975,1
1189,flimsy fish,race,p0985,2
1190,flimsy fish,race,p0993,2
1191,flimsy fish,race,p0996,1
1192,flimsy fish,race,p1011,1
1193,flimsy fish,race,p1017,1
1194,flimsy fish,race,p1020,1
1195,flimsy fish,race,p1022,1
1196,flimsy fish,race,p1024,1
1197,flimsy fish,race,p1027,5
1198,flimsy fish,race,p1028,1
1199,flimsy fish,race,p1029,2
1200,flimsy fish,race,p1032,1
1201,flimsy fish,race,p1040,5
1202,flimsy fish,race,p1047,2
1203,flimsy fish,race,p1048,1
1204,flimsy fish,race,p1053,5
1205,flimsy fish,race,p1057,1
1206,flimsy fish,race,p1058,1
1207,flimsy fish,race,p1063,1
1208,flimsy fish,race,p1064,1
1209,flimsy fish,race,p1065,1
1210,flimsy fish,race,p1069,1
1211,flimsy fish,race,p1072,1
1212,flimsy fish,race,p1073,2
1213,flimsy fish,race,p1075,1
1214,flimsy fish,race,p1076,2
1215,flimsy fish,race,p1083,1
1216,flimsy fish,race,p1089,1
1217,flimsy fish,race,p1093,1
1218,flimsy fish,race,p1096,1
1219,flimsy fish,race,p1100,1
1220,flimsy fish,race,p1106,2
1221,flimsy fish,race,p1107,1
1222,flimsy fish,race,p1113,1
1223,flimsy fish,race,p1117,1
1224,flimsy fish,race,p1120,1
1225,flimsy fish,race,p1134,1
1226,flimsy fish,race,p1136,1
1227,flimsy fish,race,p1138,1
1228,flimsy fish,race,p1144,1
1229,flimsy fish,race,p1145,1
1230,flimsy fish,race,p1147,1
1231,flimsy fish,race,p1148,1
1232,flimsy fish,race,p1154,1
1233,flimsy fish,race,p1159,2
1234,flimsy fish,race,p1167,5
1235,flimsy fish,race,p1175,1
1236,flimsy fish,race,p1178,1
1237,flimsy fish,race,p1184,1
1238,flimsy fish,race,p1186,1
1239,flimsy fish,race,p1196,1
1240,flimsy fish,race,p1197,5
1241,flimsy fish,race,p1203,1
1242,flimsy fish,race,p1219,2
1243,flimsy fish,race,p1225,1
1244,flimsy fish,race,p1234,1
1245,flimsy fish,race,p1242,1
1246,flimsy fish,race,p1244,1
1247,flimsy fish,race,p1249,1
1248,flimsy fish,race,p1250,1
1249,flimsy fish,race,p1256,5
1250,flimsy fish,race,p1258,1
1251,flimsy fish,race,p1260,2
1252,flimsy fish,race,p1262,1
1253,flimsy fish,race,p1264,1
1254,flimsy fish,race,p1265,1
1255,flimsy fish,race,p1269,1
1256,flimsy fish,race,p1272,1
1257,flimsy fish,race,p1278,1
1258,flimsy fish,race,p1281,5
1259,flimsy fish,race,p1292,1
1260,flimsy fish,race,p1299,1
1261,flimsy fish,race,p1312,1
1262,flimsy fish,race,p1322,1
1263,flimsy fish,race,p1326,1
1264,flimsy fish,race,p1330,1
1265,flimsy fish,race,p1335,1
1266,flimsy fish,race,p1337,1
1267,flimsy fish,race,p1340,1
1268,flimsy fish,race,p1345,1
1269,flimsy fish,race,p1351,1
1270,flimsy fish,race,p1355,1
1271,flimsy fish,race,p1362,1
1272,flimsy fish,race,p1365,1
1273,flimsy fish,race,p1366,1
1274,flimsy fish,race,p1367,1
1275,flimsy fish,race,p1370,1
1276,flimsy fish,race,p1371,1
1277,flimsy fish,race,p1373,1
1278,flimsy fish,race,p1375,1
1279,flimsy fish,race,p1376,1
1280,flimsy fish,race,p1379,2
1281,flimsy fish,race,p1381,1
1282,flimsy fish,race,p1393,1
1283,flimsy fish,race,p1396,5
1284,flimsy fish,race,p1398,5
1285,flimsy fish,race,p1404,1
1286,flimsy fish,race,p1406,1
1287,flimsy fish,race,p1407,1
1288,flimsy fish,race,p1409,1
1289,flimsy fish,race,p1412,2
1290,flimsy fish,race,p1414,1
1291,flimsy fish,race,p1424,1
1292,flimsy fish,race,p1425,1
1293,flimsy fish,race,p1429,2
1294,flimsy fish,race,p1434,1
1295,flimsy fish,race,p1441,2
1296,flimsy fish,race,p1445,2
1297,flimsy fish,race,p1450,1
1298,flimsy fish,race,p1454,1
1299,flimsy fish,race,p1456,1
1300,flimsy fish,race,p1457,2
1301,flimsy fish,race,p1458,1
1302,flimsy fish,race,p1469,1
1303,flimsy fish,race,p1470,1
1304,flimsy fish,race,p1481,5
1305,flimsy fish,race,p1488,5
1306,flimsy fish,race,p1492,1
1307,flimsy fish,race,p1495,1
1308,flimsy fish,race,p1497,1
1309,flimsy fish,race,p1499,1
1310,flimsy fish,race,p1503,1
1311,flimsy fish,race,p1511,1
1312,flimsy fish,race,p1512,1
1313,flimsy fish,race,p1518,1
1314,flimsy fish,race,p1519,1
1315,flimsy fish,race,p1520,1
1316,flimsy fish,race,p1524,1
1317,flimsy fish,race,p1526,1
1318,flimsy fish,race,p1537,1
1319,flimsy fish,race,p1545,1
1320,flimsy fish,race,p1547,2
1321,flimsy fish,race,p1552,5
1322,flimsy fish,race,p1567,1
1323,flimsy fish,race,p1568,1
1324,flimsy fish,race,p1579,1
1325,flimsy fish,race,p1587,2
1326,flimsy fish,race,p1596,1
1327,flimsy fish,race,p1600,1
1328,flimsy fish,race,p1603,2
1329,flimsy fish,race,p1604,1
1330,flimsy fish,race,p1610,1
1331,flimsy fish,race,p1618,1
1332,flimsy fish,race,p1619,1
1333,flimsy fish,race,p1622,5
1334,flimsy fish,race,p1623,5
1335,flimsy fish,race,p1630,1
1336,flimsy fish,race,p1641,1
1337,flimsy fish,race,p1649,5
1338,flimsy fish,race,p1652,5
1339,flimsy fish,race,p1665,1
1340,flimsy fish,race,p1669,1
1341,flimsy fish,race,p1685,1
1342,flimsy fish,race,p1693,1
1343,flimsy fish,race,p1698,2
1344,flimsy fish,race,p1704,1
1345,flimsy fish,race,p1711,1
1346,flimsy fish,race,p1718,1
1347,flimsy fish,race,p1732,1
1348,flimsy fish,race,p1739,1
1349,flimsy fish,race,p1741,1
1350,flimsy fish,race,p1746,1
1351,flimsy fish,race,p1751,1
1352,flimsy fish,race,p1754,1
1353,flimsy fish,race,p1769,1
1354,flimsy fish,race,p1771,1
1355,flimsy fish,race,p1776,2
1356,flimsy fish,race,p1780,1
1357,flimsy fish,race,p1785,1
1358,flimsy fish,race,p1791,2
1359,flimsy fish,race,p1793,1
1360,flimsy fish,race,p1796,1
1361,flimsy fish,race,p1805,1
1362,flimsy fish,race,p1812,1
1363,flimsy fish,race,p1816,1
1364,flimsy fish,race,p1819,1
1365,flimsy fish,race,p1825,1
1366,flimsy fish,race,p1836,1
1367,flimsy fish,race,p1839,1
1368,flimsy fish,race,p1861,5
1369,flimsy fish,race,p1863,1
1370,flimsy fish,race,p1873,1
1371,flimsy fish,race,p1875,1
1372,flimsy fish,race,p1876,1
1373,flimsy fish,race,p1877,1
1374,flimsy fish,race,p1880,1
1375,flimsy fish,race,p1883,5
1376,flimsy fish,race,p1889,1
1377,flimsy fish,race,p1893,5
1378,flimsy fish,race,p1896,1
1379,flimsy fish,race,p1913,1
1380,flimsy fish,race,p1922,1
1381,flimsy fish,race,p1930,1
1382,flimsy fish,race,p1935,1
1383,flimsy fish,race,p1940,5
1384,flimsy fish,race,p1948,1
1385,flimsy fish,race,p1950,1
1386,flimsy fish,race,p1954,1
1387,flimsy fish,race,p1956,1
1388,flimsy fish,race,p1958,1
1389,flimsy fish,race,p1967,1
1390,flimsy fish,race,p1973,1
1391,flimsy fish,race,p1978,1
1392,flimsy fish,race,p1983,1
1393,flimsy fish,race,p1984,2
1394,flimsy fish,race,p1995,1
1395,flimsy fish,race,p1996,1
1396,flimsy fish,race,p1997,1
1397,flimsy fish,race,p2001,1
1398,flimsy fish,race,p2002,2
1399,flimsy fish,race,p2013,1
1400,flimsy fish,race,p2014,1
1401,flimsy fish,race,p2016,5
1402,flimsy fish,race,p2018,2
1403,flimsy fish,race,p2023,1
1404,flimsy fish,race,p2025,1
1405,flimsy fish,race,p2028,1
1406,flimsy fish,race,p2030,1
1407,flimsy fish,race,p2033,1
1408,flimsy fish,race,p2040,2
1409,flimsy fish,race,p2051,1
1410,flimsy fish,race,p2052,1
1411,flimsy fish,race,p2066,1
1412,flimsy fish,race,p2067,1
1413,flimsy fish,race,p2073,1
1414,flimsy fish,race,p2077,2
1415,flimsy fish,race,p2078,5
1416,flimsy fish,race,p2086,1
1417,flimsy fish,race,p2089,1
1418,flimsy fish,race,p2093,1
1419,flimsy fish,race,p2094,1
1420,flimsy fish,race,p2111,2
1421,flimsy fish,race,p2117,1
1422,flimsy fish,race,p2121,1
1423,flimsy fish,race,p2127,1
1424,flimsy fish,race,p2141,1
1425,flimsy fish,race,p2142,2
1426,flimsy fish,race,p2143,1
1427,flimsy fish,race,p2153,3
1428,flimsy fish,race,p2155,3
1429,flimsy fish,race,p2169,3
1430,flimsy fish,race,p2187,3
1431,flimsy fish,race,p2188,3
1432,flimsy fish,race,p2197,3
1433,flimsy fish,race,p2213,3
1434,flimsy fish,race,p2214,3
1435,flimsy fish,race,p2215,3
1436,flimsy fish,race,p2220,3
1437,flimsy fish,race,p2223,3
1438,flimsy fish,race,p2229,3
1439,flimsy fish,race,p2234,3
1440,flimsy fish,race,p2237,3
1441,flimsy fish,race,p2238,3
1442,flimsy fish,race,p2244,3
1443,flimsy fish,race,p2248,3
1444,flimsy fish,race,p2252,3
1445,flimsy fish,race,p2255,3
1446,flimsy fish,race,p2261,3
1447,flimsy fish,race,p2263,3
1448,flimsy fish,race,p2273,3
1449,flimsy fish,race,p2275,3
1450,flimsy fish,race,p2276,3
1451,flimsy fish,race,p2283,3
1452,flimsy fish,race,p2287,3
1453,flimsy fish,race,p2296,3
1454,flimsy fish,race,p2298,3
1455,flimsy fish,race,p2304,3
1456,flimsy fish,race,p2310,3
1457,flimsy fish,race,p2322,3
1458,flimsy fish,race,p2326,3
1459,flimsy fish,race,p2330,3
1460,flimsy fish,race,p2331,3
1461,flimsy fish,race,p2333,3
1462,flimsy fish,race,p2347,3
1463,flimsy fish,race,p2350,3
1464,flimsy fish,race,p2351,3
1465,flimsy fish,race,p2353,3
1466,flimsy fish,race,p2355,3
1467,flimsy fish,race,p2363,3
1468,flimsy fish,race,p2378,3
1469,flimsy fish,race,p2380,3
1470,flimsy fish,race,p2387,3
1471,flimsy fish,race,p2398,3
1472,flimsy fish,race,p2400,3
1473,flimsy fish,race,p2403,3
1474,flimsy fish,race,p2408,3
1475,flimsy fish,race,p2418,3
1476,flimsy fish,race,p2426,3
1477,flimsy fish,race,p2428,3
1478,flimsy fish,race,p2434,3
1479,flimsy fish,race,p2446,3
1480,flimsy fish,race,p2452,3
1481,flimsy fish,race,p2454,3
1482,flimsy fish,race,p2462,3
1483,flimsy fish,race,p2467,3
1484,flimsy fish,race,p2482,3
1485,flimsy fish,race,p2489,3
1486,flimsy fish,race,p2490,3
1487,flimsy fish,race,p2494,3
1488,flimsy fish,race,p2502,3
1489,flimsy fish,race,p2503,3
1490,flimsy fish,race,p2522,3
1491,flimsy fish,race,p2524,3
1492,flimsy fish,race,p2533,3
1493,flimsy fish,race,p2566,3
1494,flimsy fish,race,p2571,3
1495,flimsy fish,race,p2573,3
1496,flimsy fish,race,p2582,3
1497,flimsy fish,race,p2591,3
1498,flimsy fish,race,p2592,3
1499,flimsy fish,race,p2595,3
1500,flimsy fish,education,p0016,4
1501,flimsy fish,education,p0022,4
1502,flimsy fish,education,p0023,5
1503,flimsy fish,education,p0026,4
1504,flimsy fish,education,p0034,3
1505,flimsy fish,education,p0036,3
1506,flimsy fish,education,p0037,4
1507,flimsy fish,education,p0042,3
1508,flimsy fish,education,p0057,3
1509,flimsy fish,education,p0066,4
1510,flimsy fish,education,p0069,3
1511,flimsy fish,education,p0072,4
1512,flimsy fish,education,p0073,4
1513,flimsy fish,education,p0082,4
1514,flimsy fish,education,p0091,4
1515,flimsy fish,education,p0092,2
1516,flimsy fish,education,p0093,4
1517,flimsy fish,education,p0095,3
1518,flimsy fish,education,p0107,3
1519,flimsy fish,education,p0114,5
1520,flimsy fish,education,p0116,2
1521,flimsy fish,education,p0118,3
1522,flimsy fish,education,p0119,3
1523,flimsy fish,education,p0126,3
1524,flimsy fish,education,p0129,5
1525,flimsy fish,education,p0136,3
1526,flimsy fish,education,p0138,2
1527,flimsy fish,education,p0144,4
1528,flimsy fish,education,p0150,2
1529,flimsy fish,education,p0152,3
1530,flimsy fish,education,p0158,2
1531,flimsy fish,education,p0161,3
1532,flimsy fish,education,p0164,2
1533,flimsy fish,education,p0175,3
1534,flimsy fish,education,p0177,4
1535,flimsy fish,education,p0178,6
1536,flimsy fish,education,p0181,4
1537,flimsy fish,education,p0186,3
1538,flimsy fish,education,p0196,4
1539,flimsy fish,education,p0198,5
1540,flimsy fish,education,p0202,4
1541,flimsy fish,education,p0205,5
1542,flimsy fish,education,p0207,4
1543,flimsy fish,education,p0211,3
1544,flimsy fish,education,p0227,5
1545,flimsy fish,education,p0229,2
1546,flimsy fish,education,p0232,5
1547,flimsy fish,education,p0233,2
1548,flimsy fish,education,p0237,5
1549,flimsy fish,education,p0258,4
1550,flimsy fish,education,p0268,2
1551,flimsy fish,education,p0274,5
1552,flimsy fish,education,p0275,4
1553,flimsy fish,education,p0277,4
1554,flimsy fish,education,p0288,4
1555,flimsy fish,education,p0291,4
1556,flimsy fish,education,p0307,3
1557,flimsy fish,education,p0308,3
1558,flimsy fish,education,p0317,3
1559,flimsy fish,education,p0325,4
1560,flimsy fish,education,p0327,5
1561,flimsy fish,education,p0334,6
1562,flimsy fish,education,p0336,4
1563,flimsy fish,education,p0338,1
1564,flimsy fish,education,p0342,4
1565,flimsy fish,education,p0349,5
1566,flimsy fish,education,p0356,4
1567,flimsy fish,education,p0358,4
1568,flimsy fish,education,p0363,4
1569,flimsy fish,education,p0364,5
1570,flimsy fish,education,p0369,5
1571,flimsy fish,education,p0370,2
1572,flimsy fish,education,p0371,4
1573,flimsy fish,education,p0379,3
1574,flimsy fish,education,p0386,5
1575,flimsy fish,education,p0396,5
1576,flimsy fish,education,p0403,3
1577,flimsy fish,education,p0405,4
1578,flimsy fish,education,p0412,4
1579,flimsy fish,education,p0415,3
1580,flimsy fish,education,p0416,4
1581,flimsy fish,education,p0417,2
1582,flimsy fish,education,p0418,2
1583,flimsy fish,education,p0430,5
1584,flimsy fish,education,p0431,5
1585,flimsy fish,education,p0434,2
1586,flimsy fish,education,p0438,4
1587,flimsy fish,education,p0441,5
1588,flimsy fish,education,p0442,3
1589,flimsy fish,education,p0449,5
1590,flimsy fish,education,p0450,4
1591,flimsy fish,education,p0465,5
1592,flimsy fish,education,p0471,3
1593,flimsy fish,education,p0477,3
1594,flimsy fish,education,p0483,5
1595,flimsy fish,education,p0486,3
1596,flimsy fish,education,p0487,4
1597,flimsy fish,education,p0489,5
1598,flimsy fish,education,p0497,6
1599,flimsy fish,education,p0502,5
1600,flimsy fish,education,p0503,4
1601,flimsy fish,education,p0506,3
1602,flimsy fish,education,p0511,4
1603,flimsy fish,education,p0523,5
1604,flimsy fish,education,p0534,6
1605,flimsy fish,education,p0536,3
1606,flimsy fish,education,p0542,4
1607,flimsy fish,education,p0547,2
1608,flimsy fish,education,p0553,4
1609,flimsy fish,education,p0559,4
1610,flimsy fish,education,p0566,4
1611,flimsy fish,education,p0568,3
1612,flimsy fish,education,p0570,1
1613,flimsy fish,education,p0573,3
1614,flimsy fish,education,p0578,2
1615,flimsy fish,education,p0594,2
1616,flimsy fish,education,p0597,2
1617,flimsy fish,education,p0601,2
1618,flimsy fish,education,p0602,2
1619,flimsy fish,education,p0605,3
1620,flimsy fish,education,p0615,3
1621,flimsy fish,education,p0620,4
1622,flimsy fish,education,p0626,3
1623,flimsy fish,education,p0629,4
1624,flimsy fish,education,p0633,3
1625,flimsy fish,education,p0638,4
1626,flimsy fish,education,p0639,4
1627,flimsy fish,education,p0640,2
1628,flimsy fish,education,p0655,3
1629,flimsy fish,education,p0656,3
1630,flimsy fish,education,p0658,5
1631,flimsy fish,education,p0661,4
1632,flimsy fish,education,p0669,4
1633,flimsy fish,education,p0670,2
1634,flimsy fish,education,p0672,5
1635,flimsy fish,education,p0674,4
1636,flimsy fish,education,p0678,5
1637,flimsy fish,education,p0683,2
1638,flimsy fish,education,p0686,3
1639,flimsy fish,education,p0687,4
1640,flimsy fish,education,p0698,2
1641,flimsy fish,education,p0700,4
1642,flimsy fish,education,p0703,2
1643,flimsy fish,education,p0718,2
1644,flimsy fish,education,p0744,4
1645,flimsy fish,education,p0745,4
1646,flimsy fish,education,p0753,4
1647,flimsy fish,education,p0770,4
1648,flimsy fish,education,p0771,4
1649,flimsy fish,education,p0777,5
1650,flimsy fish,education,p0779,4
1651,flimsy fish,education,p0780,3
1652,flimsy fish,education,p0783,3
1653,flimsy fish,education,p0785,4
1654,flimsy fish,education,p0786,3
1655,flimsy fish,education,p0794,4
1656,flimsy fish,education,p0798,5
1657,flimsy fish,education,p0800,4
1658,flimsy fish,education,p0820,3
1659,flimsy fish,education,p0841,3
1660,flimsy fish,education,p0849,3
1661,flimsy fish,education,p0862,5
1662,flimsy fish,education,p0867,5
1663,flimsy fish,education,p0869,3
1664,flimsy fish,education,p0872,4
1665,flimsy fish,education,p0880,2
1666,flimsy fish,education,p0891,3
1667,flimsy fish,education,p0916,5
1668,flimsy fish,education,p0917,4
1669,flimsy fish,education,p0919,4
1670,flimsy fish,education,p0922,2
1671,flimsy fish,education,p0925,2
1672,flimsy fish,education,p0927,4
1673,flimsy fish,education,p0929,3
1674,flimsy fish,education,p0930,4
1675,flimsy fish,education,p0931,2
1676,flimsy fish,education,p0933,2
1677,flimsy fish,education,p0934,3
1678,flimsy fish,education,p0936,4
1679,flimsy fish,education,p0938,2
1680,flimsy fish,education,p0939,2
1681,flimsy fish,education,p0946,4
1682,flimsy fish,education,p0951,3
1683,flimsy fish,education,p0956,3
1684,flimsy fish,education,p0962,2
1685,flimsy fish,education,p0963,3
1686,flimsy fish,education,p0969,4
1687,flimsy fish,education,p0972,3
1688,flimsy fish,education,p0975,3
1689,flimsy fish,education,p0985,2
1690,flimsy fish,education,p0993,2
1691,flimsy fish,education,p0996,2
1692,flimsy fish,education,p1011,2
1693,flimsy fish,education,p1017,2
1694,flimsy fish,education,p1020,2
1695,flimsy fish,education,p1022,4
1696,flimsy fish,education,p1024,1
1697,flimsy fish,education,p1027,4
1698,flimsy fish,education,p1028,5
1699,flimsy fish,education,p1029,2
1700,flimsy fish,education,p1032,4
1701,flimsy fish,education,p1040,4
1702,flimsy fish,education,p1047,3
1703,flimsy fish,education,p1048,3
1704,flimsy fish,education,p1053,3
1705,flimsy fish,education,p1057,3
1706,flimsy fish,education,p1058,4
1707,flimsy fish,education,p1063,4
1708,flimsy fish,education,p1064,2
1709,flimsy fish,education,p1065,3
1710,flimsy fish,education,p1069,3
1711,flimsy fish,education,p1072,3
1712,flimsy fish,education,p1073,4
1713,flimsy fish,education,p1075,3
1714,flimsy fish,education,p1076,2
1715,flimsy fish,education,p1083,2
1716,flimsy fish,education,p1089,4
1717,flimsy fish,education,p1093,4
1718,flimsy fish,education,p1096,4
1719,flimsy fish,education,p1100,4
1720,flimsy fish,education,p1106,5
1721,flimsy fish,education,p1107,1
1722,flimsy fish,education,p1113,3
1723,flimsy fish,education,p1117,1
1724,flimsy fish,education,p1120,3
1725,flimsy fish,education,p1134,4
1726,flimsy fish,education,p1136,2
1727,flimsy fish,education,p1138,4
1728,flimsy fish,education,p1144,3
1729,flimsy fish,education,p1145,5
1730,flimsy fish,education,p1147,5
1731,flimsy fish,education,p1148,4
1732,flimsy fish,education,p1154,3
1733,flimsy fish,education,p1159,2
1734,flimsy fish,education,p1167,5
1735,flimsy fish,education,p1175,3
1736,flimsy fish,education,p1178,4
1737,flimsy fish,education,p1184,4
1738,flimsy fish,education,p1186,4
1739,flimsy fish,education,p1196,2
1740,flimsy fish,education,p1197,3
1741,flimsy fish,education,p1203,4
1742,flimsy fish,education,p1219,2
1743,flimsy fish,education,p1225,5
1744,flimsy fish,education,p1234,3
1745,flimsy fish,education,p1242,3
1746,flimsy fish,education,p1244,4
1747,flimsy fish,education,p1249,3
1748,flimsy fish,education,p1250,4
1749,flimsy fish,education,p1256,5
1750,flimsy fish,education,p1258,3
1751,flimsy fish,education,p1260,2
1752,flimsy fish,education,p1262,4
1753,flimsy fish,education,p1264,2
1754,flimsy fish,education,p1265,5
1755,flimsy fish,education,p1269,4
1756,flimsy fish,education,p1272,3
1757,flimsy fish,education,p1278,4
1758,flimsy fish,education,p1281,3
1759,flimsy fish,education,p1292,4
1760,flimsy fish,education,p1299,2
1761,flimsy fish,education,p1312,2
1762,flimsy fish,education,p1322,3
1763,flimsy fish,education,p1326,4
1764,flimsy fish,education,p1330,3
1765,flimsy fish,education,p1335,3
1766,flimsy fish,education,p1337,4
1767,flimsy fish,education,p1340,4
1768,flimsy fish,education,p1345,2
1769,flimsy fish,education,p1351,3
1770,flimsy fish,education,p1355,2
1771,flimsy fish,education,p1362,2
1772,flimsy fish,education,p1365,4
1773,flimsy fish,education,p1366,3
1774,flimsy fish,education,p1367,3
1775,flimsy fish,education,p1370,2
1776,flimsy fish,education,p1371,4
1777,flimsy fish,education,p1373,3
1778,flimsy fish,education,p1375,4
1779,flimsy fish,education,p1376,3
1780,flimsy fish,education,p1379,5
1781,flimsy fish,education,p1381,2
1782,flimsy fish,education,p1393,5
1783,flimsy fish,education,p1396,4
1784,flimsy fish,education,p1398,5
1785,flimsy fish,education,p1404,2
1786,flimsy fish,education,p1406,2
1787,flimsy fish,education,p1407,2
1788,flimsy fish,education,p1409,4
1789,flimsy fish,education,p1412,2
1790,flimsy fish,education,p1414,5
1791,flimsy fish,education,p1424,2
1792,flimsy fish,education,p1425,3
1793,flimsy fish,education,p1429,3
1794,flimsy fish,education,p1434,4
1795,flimsy fish,education,p1441,2
1796,flimsy fish,education,p1445,2
1797,flimsy fish,education,p1450,2
1798,flimsy fish,education,p1454,5
1799,flimsy fish,education,p1456,4
1800,flimsy fish,education,p1457,3
1801,flimsy fish,education,p1458,5
1802,flimsy fish,education,p1469,3
1803,flimsy fish,education,p1470,4
1804,flimsy fish,education,p1481,4
1805,flimsy fish,education,p1488,4
1806,flimsy fish,education,p1492,5
1807,flimsy fish,education,p1495,2
1808,flimsy fish,education,p1497,2
1809,flimsy fish,education,p1499,4
1810,flimsy fish,education,p1503,4
1811,flimsy fish,education,p1511,4
1812,flimsy fish,education,p1512,2
1813,flimsy fish,education,p1518,3
1814,flimsy fish,education,p1519,4
1815,flimsy fish,education,p1520,3
1816,flimsy fish,education,p1524,2
1817,flimsy fish,education,p1526,5
1818,flimsy fish,education,p1537,2
1819,flimsy fish,education,p1545,3
1820,flimsy fish,education,p1547,2
1821,flimsy fish,education,p1552,4
1822,flimsy fish,education,p1567,4
1823,flimsy fish,education,p1568,3
1824,flimsy fish,education,p1579,2
1825,flimsy fish,education,p1587,1
1826,flimsy fish,education,p1596,2
1827,flimsy fish,education,p1600,4
1828,flimsy fish,education,p1603,3
1829,flimsy fish,education,p1604,2
1830,flimsy fish,education,p1610,2
1831,flimsy fish,education,p1618,4
1832,flimsy fish,education,p1619,5
1833,flimsy fish,education,p1622,5
1834,flimsy fish,education,p1623,4
1835,flimsy fish,education,p1630,4
1836,flimsy fish,education,p1641,4
1837,flimsy fish,education,p1649,3
1838,flimsy fish,education,p1652,4
1839,flimsy fish,education,p1665,4
1840,flimsy fish,education,p1669,4
1841,flimsy fish,education,p1685,4
1842,flimsy fish,education,p1693,3
1843,flimsy fish,education,p1698,5
1844,flimsy fish,education,p1704,5
1845,flimsy fish,education,p1711,4
1846,flimsy fish,education,p1718,2
1847,flimsy fish,education,p1732,2
1848,flimsy fish,education,p1739,4
1849,flimsy fish,education,p1741,4
1850,flimsy fish,education,p1746,2
1851,flimsy fish,education,p1751,3
1852,flimsy fish,education,p1754,2
1853,flimsy fish,education,p1769,4
1854,flimsy fish,education,p1771,2
1855,flimsy fish,education,p1776,1
1856,flimsy fish,education,p1780,4
1857,flimsy fish,education,p1785,3
1858,flimsy fish,education,p1791,5
1859,flimsy fish,education,p1793,6
1860,flimsy fish,education,p1796,4
1861,flimsy fish,education,p1805,3
1862,flimsy fish,education,p1812,3
1863,flimsy fish,education,p1816,3
1864,flimsy fish,education,p1819,5
1865,flimsy fish,education,p1825,5
1866,flimsy fish,education,p1836,4
1867,flimsy fish,education,p1839,2
1868,flimsy fish,education,p1861,4
1869,flimsy fish,education,p1863,5
1870,flimsy fish,education,p1873,5
1871,flimsy fish,education,p1875,2
1872,flimsy fish,education,p1876,4
1873,flimsy fish,education,p1877,4
1874,flimsy fish,education,p1880,2
1875,flimsy fish,education,p1883,2
1876,flimsy fish,education,p1889,4
1877,flimsy fish,education,p1893,3
1878,flimsy fish,education,p1896,4
1879,flimsy fish,education,p1913,3
1880,flimsy fish,education,p1922,5
1881,flimsy fish,education,p1930,4
1882,flimsy fish,education,p1935,3
1883,flimsy fish,education,p1940,5
1884,flimsy fish,education,p1948,4
1885,flimsy fish,education,p1950,2
1886,flimsy fish,education,p1954,3
1887,flimsy fish,education,p1956,3
1888,flimsy fish,education,p1958,3
1889,flimsy fish,education,p1967,5
1890,flimsy fish,education,p1973,5
1891,flimsy fish,education,p1978,3
1892,flimsy fish,education,p1983,5
1893,flimsy fish,education,p1984,3
1894,flimsy fish,education,p1995,3
1895,flimsy fish,education,p1996,3
1896,flimsy fish,education,p1997,4
1897,flimsy fish,education,p2001,2
1898,flimsy fish,education,p2002,3
1899,flimsy fish,education,p2013,5
1900,flimsy fish,education,p2014,2
1901,flimsy fish,education,p2016,5
1902,flimsy fish,education,p2018,2
1903,flimsy fish,education,p2023,3
1904,flimsy fish,education,p2025,4
1905,flimsy fish,education,p2028,3
1906,flimsy fish,education,p2030,3
1907,flimsy fish,education,p2033,3
1908,flimsy fish,education,p2040,5
1909,flimsy fish,education,p2051,3
1910,flimsy fish,education,p2052,4
1911,flimsy fish,education,p2066,2
1912,flimsy fish,education,p2067,3
1913,flimsy fish,education,p2073,4
1914,flimsy fish,education,p2077,3
1915,flimsy fish,education,p2078,5
1916,flimsy fish,education,p2086,4
1917,flimsy fish,education,p2089,4
1918,flimsy fish,education,p2093,4
1919,flimsy fish,education,p2094,3
1920,flimsy fish,education,p2111,2
1921,flimsy fish,education,p2117,4
1922,flimsy fish,education,p2121,4
1923,flimsy fish,education,p2127,3
1924,flimsy fish,education,p2141,4
1925,flimsy fish,education,p2142,3
1926,flimsy fish,education,p2143,4
1927,flimsy fish,education,p2153,4
1928,flimsy fish,education,p2155,3
1929,flimsy fish,education,p2169,3
1930,flimsy fish,education,p2187,4
1931,flimsy fish,education,p2188,4
1932,flimsy fish,education,p2197,3
1933,flimsy fish,education,p2213,3
1934,flimsy fish,education,p2214,3
1935,flimsy fish,education,p2215,4
1936,flimsy fish,education,p2220,5
1937,flimsy fish,education,p2223,3
1938,flimsy fish,education,p2229,4
1939,flimsy fish,education,p2234,3
1940,flimsy fish,education,p2237,5
1941,flimsy fish,education,p2238,5
1942,flimsy fish,education,p2244,4
1943,flimsy fish,education,p2248,2
1944,flimsy fish,education,p2252,4
1945,flimsy fish,education,p2255,2
1946,flimsy fish,education,p2261,3
1947,flimsy fish,education,p2263,3
1948,flimsy fish,education,p2273,5
1949,flimsy fish,education,p2275,3
1950,flimsy fish,education,p2276,4
1951,flimsy fish,education,p2283,3
1952,flimsy fish,education,p2287,2
1953,flimsy fish,education,p2296,3
1954,flimsy fish,education,p2298,3
1955,flimsy fish,education,p2304,4
1956,flimsy fish,education,p2310,2
1957,flimsy fish,education,p2322,2
1958,flimsy fish,education,p2326,4
1959,flimsy fish,education,p2330,3
1960,flimsy fish,education,p2331,3
1961,flimsy fish,education,p2333,2
1962,flimsy fish,education,p2347,2
1963,flimsy fish,education,p2350,3
1964,flimsy fish,education,p2351,4
1965,flimsy fish,education,p2353,3
1966,flimsy fish,education,p2355,1
1967,flimsy fish,education,p2363,1
1968,flimsy fish,education,p2378,4
1969,flimsy fish,education,p2380,3
1970,flimsy fish,education,p2387,3
1971,flimsy fish,education,p2398,2
1972,flimsy fish,education,p2400,3
1973,flimsy fish,education,p2403,5
1974,flimsy fish,education,p2408,3
1975,flimsy fish,education,p2418,2
1976,flimsy fish,education,p2426,3
1977,flimsy fish,education,p2428,2
1978,flimsy fish,education,p2434,5
1979,flimsy fish,education,p2446,3
1980,flimsy fish,education,p2452,2
1981,flimsy fish,education,p2454,2
1982,flimsy fish,education,p2462,3
1983,flimsy fish,education,p2467,4
1984,flimsy fish,education,p2482,3
1985,flimsy fish,education,p2489,3
1986,flimsy fish,education,p2490,2
1987,flimsy fish,education,p2494,3
1988,flimsy fish,education,p2502,4
1989,flimsy fish,education,p2503,3
1990,flimsy fish,education,p2522,3
1991,flimsy fish,education,p2524,3
1992,flimsy fish,education,p2533,1
1993,flimsy fish,education,p2566,3
1994,flimsy fish,education,p2571,3
1995,flimsy fish,education,p2573,1
1996,flimsy fish,education,p2582,4
1997,flimsy fish,education,p2591,2
1998,flimsy fish,education,p2592,3
1999,flimsy fish,education,p2595,4
2000,flimsy fish,income,p0016,3
2001,flimsy fish,income,p0022,4
2002,flimsy fish,income,p0023,4
2003,flimsy fish,income,p0026,4
2004,flimsy fish,income,p0034,3
2005,flimsy fish,income,p0036,3
2006,flimsy fish,income,p0037,4
2007,flimsy fish,income,p0042,3
2008,flimsy fish,income,p0057,3
2009,flimsy fish,income,p0066,4
2010,flimsy fish,income,p0069,1
2011,flimsy fish,income,p0072,4
2012,flimsy fish,income,p0073,4
2013,flimsy fish,income,p0082,4
2014,flimsy fish,income,p0091,4
2015,flimsy fish,income,p0092,2
2016,flimsy fish,income,p0093,4
2017,flimsy fish,income,p0095,3
2018,flimsy fish,income,p0107,3
2019,flimsy fish,income,p0114,3
2020,flimsy fish,income,p0116,3
2021,flimsy fish,income,p0118,3
2022,flimsy fish,income,p0119,3
2023,flimsy fish,income,p0126,3
2024,flimsy fish,income,p0129,4
2025,flimsy fish,income,p0136,3
2026,flimsy fish,income,p0138,3
2027,flimsy fish,income,p0144,3
2028,flimsy fish,income,p0150,1
2029,flimsy fish,income,p0152,3
2030,flimsy fish,income,p0158,2
2031,flimsy fish,income,p0161,4
2032,flimsy fish,income,p0164,3
2033,flimsy fish,income,p0175,4
2034,flimsy fish,income,p0177,4
2035,flimsy fish,income,p0178,4
2036,flimsy fish,income,p0181,4
2037,flimsy fish,income,p0186,2
2038,flimsy fish,income,p0196,4
2039,flimsy fish,income,p0198,4
2040,flimsy fish,income,p0202,3
2041,flimsy fish,income,p0205,4
2042,flimsy fish,income,p0207,3
2043,flimsy fish,income,p0211,3
2044,flimsy fish,income,p0227,4
2045,flimsy fish,income,p0229,3
2046,flimsy fish,income,p0232,4
2047,flimsy fish,income,p0233,2
2048,flimsy fish,income,p0237,3
2049,flimsy fish,income,p0258,3
2050,flimsy fish,income,p0268,2
2051,flimsy fish,income,p0274,3
2052,flimsy fish,income,p0275,2
2053,flimsy fish,income,p0277,1
2054,flimsy fish,income,p0288,3
2055,flimsy fish,income,p0291,3
2056,flimsy fish,income,p0307,1
2057,flimsy fish,income,p0308,3
2058,flimsy fish,income,p0317,4
2059,flimsy fish,income,p0325,4
2060,flimsy fish,income,p0327,4
2061,flimsy fish,income,p0334,4
2062,flimsy fish,income,p0336,4
2063,flimsy fish,income,p0338,2
2064,flimsy fish,income,p0342,4
2065,flimsy fish,income,p0349,3
2066,flimsy fish,income,p0356,3
2067,flimsy fish,income,p0358,1
2068,flimsy fish,income,p0363,3
2069,flimsy fish,income,p0364,4
2070,flimsy fish,income,p0369,4
2071,flimsy fish,income,p0370,2
2072,flimsy fish,income,p0371,3
2073,flimsy fish,income,p0379,3
2074,flimsy fish,income,p0386,3
2075,flimsy fish,income,p0396,3
2076,flimsy fish,income,p0403,2
2077,flimsy fish,income,p0405,4
2078,flimsy fish,income,p0412,4
2079,flimsy fish,income,p0415,4
2080,flimsy fish,income,p0416,4
2081,flimsy fish,income,p0417,3
2082,flimsy fish,income,p0418,3
2083,flimsy fish,income,p0430,4
2084,flimsy fish,income,p0431,4
2085,flimsy fish,income,p0434,3
2086,flimsy fish,income,p0438,4
2087,flimsy fish,income,p0441,4
2088,flimsy fish,income,p0442,2
2089,flimsy fish,income,p0449,4
2090,flimsy fish,income,p0450,4
2091,flimsy fish,income,p0465,4
2092,flimsy fish,income,p0471,3
2093,flimsy fish,income,p0477,3
2094,flimsy fish,income,p0483,3
2095,flimsy fish,income,p0486,3
2096,flimsy fish,income,p0487,3
2097,flimsy fish,income,p0489,4
2098,flimsy fish,income,p0497,4
2099,flimsy fish,income,p0502,4
2100,flimsy fish,income,p0503,2
2101,flimsy fish,income,p0506,3
2102,flimsy fish,income,p0511,4
2103,flimsy fish,income,p0523,2
2104,flimsy fish,income,p0534,4
2105,flimsy fish,income,p0536,3
2106,flimsy fish,income,p0542,4
2107,flimsy fish,income,p0547,3
2108,flimsy fish,income,p0553,4
2109,flimsy fish,income,p0559,4
2110,flimsy fish,income,p0566,4
2111,flimsy fish,income,p0568,3
2112,flimsy fish,income,p0570,2
2113,flimsy fish,income,p0573,3
2114,flimsy fish,income,p0578,2
2115,flimsy fish,income,p0594,3
2116,flimsy fish,income,p0597,2
2117,flimsy fish,income,p0601,3
2118,flimsy fish,income,p0602,2
2119,flimsy fish,income,p0605,3
2120,flimsy fish,income,p0615,2
2121,flimsy fish,income,p0620,3
2122,flimsy fish,income,p0626,3
2123,flimsy fish,income,p0629,4
2124,flimsy fish,income,p0633,2
2125,flimsy fish,income,p0638,3
2126,flimsy fish,income,p0639,4
2127,flimsy fish,income,p0640,3
2128,flimsy fish,income,p0655,4
2129,flimsy fish,income,p0656,3
2130,flimsy fish,income,p0658,4
2131,flimsy fish,income,p0661,3
2132,flimsy fish,income,p0669,3
2133,flimsy fish,income,p0670,2
2134,flimsy fish,income,p0672,3
2135,flimsy fish,income,p0674,3
2136,flimsy fish,income,p0678,4
2137,flimsy fish,income,p0683,3
2138,flimsy fish,income,p0686,3
2139,flimsy fish,income,p0687,3
2140,flimsy fish,income,p0698,2
2141,flimsy fish,income,p0700,4
2142,flimsy fish,income,p0703,3
2143,flimsy fish,income,p0718,2
2144,flimsy fish,income,p0744,4
2145,flimsy fish,income,p0745,4
2146,flimsy fish,income,p0753,2
2147,flimsy fish,income,p0770,4
2148,flimsy fish,income,p0771,3
2149,flimsy fish,income,p0777,4
2150,flimsy fish,income,p0779,4
2151,flimsy fish,income,p0780,1
2152,flimsy fish,income,p0783,3
2153,flimsy fish,income,p0785,4
2154,flimsy fish,income,p0786,3
2155,flimsy fish,income,p0794,4
2156,flimsy fish,income,p0798,4
2157,flimsy fish,income,p0800,3
2158,flimsy fish,income,p0820,2
2159,flimsy fish,income,p0841,3
2160,flimsy fish,income,p0849,3
2161,flimsy fish,income,p0862,3
2162,flimsy fish,income,p0867,4
2163,flimsy fish,income,p0869,4
2164,flimsy fish,income,p0872,3
2165,flimsy fish,income,p0880,2
2166,flimsy fish,income,p0891,3
2167,flimsy fish,income,p0916,3
2168,flimsy fish,income,p0917,4
2169,flimsy fish,income,p0919,3
2170,flimsy fish,income,p0922,2
2171,flimsy fish,income,p0925,2
2172,flimsy fish,income,p0927,4
2173,flimsy fish,income,p0929,2
2174,flimsy fish,income,p0930,4
2175,flimsy fish,income,p0931,2
2176,flimsy fish,income,p0933,2
2177,flimsy fish,income,p0934,4
2178,flimsy fish,income,p0936,3
2179,flimsy fish,income,p0938,3
2180,flimsy fish,income,p0939,2
2181,flimsy fish,income,p0946,4
2182,flimsy fish,income,p0951,2
2183,flimsy fish,income,p0956,3
2184,flimsy fish,income,p0962,3
2185,flimsy fish,income,p0963,3
2186,flimsy fish,income,p0969,5
2187,flimsy fish,income,p0972,3
2188,flimsy fish,income,p0975,4
2189,flimsy fish,income,p0985,2
2190,flimsy fish,income,p0993,1
2191,flimsy fish,income,p0996,3
2192,flimsy fish,income,p1011,3
2193,flimsy fish,income,p1017,4
2194,flimsy fish,income,p1020,3
2195,flimsy fish,income,p1022,3
2196,flimsy fish,income,p1024,2
2197,flimsy fish,income,p1027,3
2198,flimsy fish,income,p1028,4
2199,flimsy fish,income,p1029,2
2200,flimsy fish,income,p1032,3
2201,flimsy fish,income,p1040,3
2202,flimsy fish,income,p1047,4
2203,flimsy fish,income,p1048,2
2204,flimsy fish,income,p1053,2
2205,flimsy fish,income,p1057,3
2206,flimsy fish,income,p1058,4
2207,flimsy fish,income,p1063,4
2208,flimsy fish,income,p1064,3
2209,flimsy fish,income,p1065,3
2210,flimsy fish,income,p1069,3
2211,flimsy fish,income,p1072,3
2212,flimsy fish,income,p1073,3
2213,flimsy fish,income,p1075,3
2214,flimsy fish,income,p1076,2
2215,flimsy fish,income,p1083,3
2216,flimsy fish,income,p1089,4
2217,flimsy fish,income,p1093,3
2218,flimsy fish,income,p1096,4
2219,flimsy fish,income,p1100,4
2220,flimsy fish,income,p1106,2
2221,flimsy fish,income,p1107,2
2222,flimsy fish,income,p1113,2
2223,flimsy fish,income,p1117,3
2224,flimsy fish,income,p1120,4
2225,flimsy fish,income,p1134,4
2226,flimsy fish,income,p1136,3
2227,flimsy fish,income,p1138,3
2228,flimsy fish,income,p1144,3
2229,flimsy fish,income,p1145,4
2230,flimsy fish,income,p1147,4
2231,flimsy fish,income,p1148,3
2232,flimsy fish,income,p1154,3
2233,flimsy fish,income,p1159,4
2234,flimsy fish,income,p1167,3
2235,flimsy fish,income,p1175,2
2236,flimsy fish,income,p1178,3
2237,flimsy fish,income,p1184,3
2238,flimsy fish,income,p1186,3
2239,flimsy fish,income,p1196,2
2240,flimsy fish,income,p1197,3
2241,flimsy fish,income,p1203,3
2242,flimsy fish,income,p1219,2
2243,flimsy fish,income,p1225,4
2244,flimsy fish,income,p1234,2
2245,flimsy fish,income,p1242,3
2246,flimsy fish,income,p1244,3
2247,flimsy fish,income,p1249,3
2248,flimsy fish,income,p1250,3
2249,flimsy fish,income,p1256,4
2250,flimsy fish,income,p1258,4
2251,flimsy fish,income,p1260,2
2252,flimsy fish,income,p1262,4
2253,flimsy fish,income,p1264,2
2254,flimsy fish,income,p1265,4
2255,flimsy fish,income,p1269,3
2256,flimsy fish,income,p1272,3
2257,flimsy fish,income,p1278,2
2258,flimsy fish,income,p1281,2
2259,flimsy fish,income,p1292,4
2260,flimsy fish,income,p1299,4
2261,flimsy fish,income,p1312,3
2262,flimsy fish,income,p1322,1
2263,flimsy fish,income,p1326,3
2264,flimsy fish,income,p1330,2
2265,flimsy fish,income,p1335,3
2266,flimsy fish,income,p1337,4
2267,flimsy fish,income,p1340,4
2268,flimsy fish,income,p1345,3
2269,flimsy fish,income,p1351,3
2270,flimsy fish,income,p1355,3
2271,flimsy fish,income,p1362,4
2272,flimsy fish,income,p1365,3
2273,flimsy fish,income,p1366,3
2274,flimsy fish,income,p1367,3
2275,flimsy fish,income,p1370,3
2276,flimsy fish,income,p1371,5
2277,flimsy fish,income,p1373,4
2278,flimsy fish,income,p1375,4
2279,flimsy fish,income,p1376,1
2280,flimsy fish,income,p1379,3
2281,flimsy fish,income,p1381,3
2282,flimsy fish,income,p1393,4
2283,flimsy fish,income,p1396,3
2284,flimsy fish,income,p1398,4
2285,flimsy fish,income,p1404,1
2286,flimsy fish,income,p1406,3
2287,flimsy fish,income,p1407,2
2288,flimsy fish,income,p1409,4
2289,flimsy fish,income,p1412,2
2290,flimsy fish,income,p1414,4
2291,flimsy fish,income,p1424,4
2292,flimsy fish,income,p1425,4
2293,flimsy fish,income,p1429,3
2294,flimsy fish,income,p1434,4
2295,flimsy fish,income,p1441,2
2296,flimsy fish,income,p1445,2
2297,flimsy fish,income,p1450,3
2298,flimsy fish,income,p1454,4
2299,flimsy fish,income,p1456,3
2300,flimsy fish,income,p1457,1
2301,flimsy fish,income,p1458,4
2302,flimsy fish,income,p1469,2
2303,flimsy fish,income,p1470,4
2304,flimsy fish,income,p1481,3
2305,flimsy fish,income,p1488,3
2306,flimsy fish,income,p1492,3
2307,flimsy fish,income,p1495,3
2308,flimsy fish,income,p1497,3
2309,flimsy fish,income,p1499,4
2310,flimsy fish,income,p1503,2
2311,flimsy fish,income,p1511,4
2312,flimsy fish,income,p1512,1
2313,flimsy fish,income,p1518,2
2314,flimsy fish,income,p1519,3
2315,flimsy fish,income,p1520,1
2316,flimsy fish,income,p1524,3
2317,flimsy fish,income,p1526,5
2318,flimsy fish,income,p1537,3
2319,flimsy fish,income,p1545,3
2320,flimsy fish,income,p1547,1
2321,flimsy fish,income,p1552,5
2322,flimsy fish,income,p1567,4
2323,flimsy fish,income,p1568,3
2324,flimsy fish,income,p1579,2
2325,flimsy fish,income,p1587,1
2326,flimsy fish,income,p1596,3
2327,flimsy fish,income,p1600,4
2328,flimsy fish,income,p1603,2
2329,flimsy fish,income,p1604,3
2330,flimsy fish,income,p1610,2
2331,flimsy fish,income,p1618,3
2332,flimsy fish,income,p1619,4
2333,flimsy fish,income,p1622,4
2334,flimsy fish,income,p1623,3
2335,flimsy fish,income,p1630,4
2336,flimsy fish,income,p1641,4
2337,flimsy fish,income,p1649,2
2338,flimsy fish,income,p1652,3
2339,flimsy fish,income,p1665,3
2340,flimsy fish,income,p1669,4
2341,flimsy fish,income,p1685,4
2342,flimsy fish,income,p1693,3
2343,flimsy fish,income,p1698,4
2344,flimsy fish,income,p1704,4
2345,flimsy fish,income,p1711,4
2346,flimsy fish,income,p1718,3
2347,flimsy fish,income,p1732,3
2348,flimsy fish,income,p1739,4
2349,flimsy fish,income,p1741,4
2350,flimsy fish,income,p1746,1
2351,flimsy fish,income,p1751,4
2352,flimsy fish,income,p1754,1
2353,flimsy fish,income,p1769,4
2354,flimsy fish,income,p1771,2
2355,flimsy fish,income,p1776,2
2356,flimsy fish,income,p1780,4
2357,flimsy fish,income,p1785,2
2358,flimsy fish,income,p1791,3
2359,flimsy fish,income,p1793,4
2360,flimsy fish,income,p1796,5
2361,flimsy fish,income,p1805,3
2362,flimsy fish,income,p1812,3
2363,flimsy fish,income,p1816,3
2364,flimsy fish,income,p1819,4
2365,flimsy fish,income,p1825,4
2366,flimsy fish,income,p1836,3
2367,flimsy fish,income,p1839,4
2368,flimsy fish,income,p1861,3
2369,flimsy fish,income,p1863,4
2370,flimsy fish,income,p1873,4
2371,flimsy fish,income,p1875,3
2372,flimsy fish,income,p1876,4
2373,flimsy fish,income,p1877,2
2374,flimsy fish,income,p1880,3
2375,flimsy fish,income,p1883,3
2376,flimsy fish,income,p1889,1
2377,flimsy fish,income,p1893,2
2378,flimsy fish,income,p1896,3
2379,flimsy fish,income,p1913,4
2380,flimsy fish,income,p1922,4
2381,flimsy fish,income,p1930,3
2382,flimsy fish,income,p1935,4
2383,flimsy fish,income,p1940,4
2384,flimsy fish,income,p1948,4
2385,flimsy fish,income,p1950,2
2386,flimsy fish,income,p1954,2
2387,flimsy fish,income,p1956,3
2388,flimsy fish,income,p1958,3
2389,flimsy fish,income,p1967,4
2390,flimsy fish,income,p1973,5
2391,flimsy fish,income,p1978,4
2392,flimsy fish,income,p1983,2
2393,flimsy fish,income,p1984,3
2394,flimsy fish,income,p1995,3
2395,flimsy fish,income,p1996,2
2396,flimsy fish,income,p1997,4
2397,flimsy fish,income,p2001,3
2398,flimsy fish,income,p2002,2
2399,flimsy fish,income,p2013,4
2400,flimsy fish,income,p2014,3
2401,flimsy fish,income,p2016,4
2402,flimsy fish,income,p2018,1
2403,flimsy fish,income,p2023,3
2404,flimsy fish,income,p2025,4
2405,flimsy fish,income,p2028,2
2406,flimsy fish,income,p2030,3
2407,flimsy fish,income,p2033,3
2408,flimsy fish,income,p2040,3
2409,flimsy fish,income,p2051,3
2410,flimsy fish,income,p2052,4
2411,flimsy fish,income,p2066,2
2412,flimsy fish,income,p2067,3
2413,flimsy fish,income,p2073,4
2414,flimsy fish,income,p2077,2
2415,flimsy fish,income,p2078,4
2416,flimsy fish,income,p2086,3
2417,flimsy fish,income,p2089,3
2418,flimsy fish,income,p2093,3
2419,flimsy fish,income,p2094,3
2420,flimsy fish,income,p2111,2
2421,flimsy fish,income,p2117,4
2422,flimsy fish,income,p2121,3
2423,flimsy fish,income,p2127,3
2424,flimsy fish,income,p2141,3
2425,flimsy fish,income,p2142,2
2426,flimsy fish,income,p2143,4
2427,flimsy fish,income,p2153,1
2428,flimsy fish,income,p2155,2
2429,flimsy fish,income,p2169,4
2430,flimsy fish,income,p2187,3
2431,flimsy fish,income,p2188,4
2432,flimsy fish,income,p2197,2
2433,flimsy fish,income,p2213,3
2434,flimsy fish,income,p2214,2
2435,flimsy fish,income,p2215,5
2436,flimsy fish,income,p2220,3
2437,flimsy fish,income,p2223,2
2438,flimsy fish,income,p2229,3
2439,flimsy fish,income,p2234,3
2440,flimsy fish,income,p2237,4
2441,flimsy fish,income,p2238,4
2442,flimsy fish,income,p2244,2
2443,flimsy fish,income,p2248,3
2444,flimsy fish,income,p2252,3
2445,flimsy fish,income,p2255,1
2446,flimsy fish,income,p2261,3
2447,flimsy fish,income,p2263,4
2448,flimsy fish,income,p2273,3
2449,flimsy fish,income,p2275,2
2450,flimsy fish,income,p2276,2
2451,flimsy fish,income,p2283,1
2452,flimsy fish,income,p2287,3
2453,flimsy fish,income,p2296,2
2454,flimsy fish,income,p2298,3
2455,flimsy fish,income,p2304,3
2456,flimsy fish,income,p2310,2
2457,flimsy fish,income,p2322,2
2458,flimsy fish,income,p2326,3
2459,flimsy fish,income,p2330,3
2460,flimsy fish,income,p2331,3
2461,flimsy fish,income,p2333,2
2462,flimsy fish,income,p2347,3
2463,flimsy fish,income,p2350,2
2464,flimsy fish,income,p2351,3
2465,flimsy fish,income,p2353,2
2466,flimsy fish,income,p2355,2
2467,flimsy fish,income,p2363,2
2468,flimsy fish,income,p2378,3
2469,flimsy fish,income,p2380,2
2470,flimsy fish,income,p2387,4
2471,flimsy fish,income,p2398,2
2472,flimsy fish,income,p2400,4
2473,flimsy fish,income,p2403,2
2474,flimsy fish,income,p2408,3
2475,flimsy fish,income,p2418,2
2476,flimsy fish,income,p2426,2
2477,flimsy fish,income,p2428,2
2478,flimsy fish,income,p2434,3
2479,flimsy fish,income,p2446,1
2480,flimsy fish,income,p2452,3
2481,flimsy fish,income,p2454,2
2482,flimsy fish,income,p2462,3
2483,flimsy fish,income,p2467,5
2484,flimsy fish,income,p2482,3
2485,flimsy fish,income,p2489,3
2486,flimsy fish,income,p2490,2
2487,flimsy fish,income,p2494,2
2488,flimsy fish,income,p2502,4
2489,flimsy fish,income,p2503,3
2490,flimsy fish,income,p2522,3
2491,flimsy fish,income,p2524,3
2492,flimsy fish,income,p2533,3
2493,flimsy fish,income,p2566,3
2494,flimsy fish,income,p2571,3
2495,flimsy fish,income,p2573,2
2496,flimsy fish,income,p2582,4
2497,flimsy fish,income,p2591,3
2498,flimsy fish,income,p2592,3
2499,flimsy fish,income,p2595,2
2500,flimsy fish,party,p0016,2
2501,flimsy fish,party,p0022,3
2502,flimsy fish,party,p0023,3
2503,flimsy fish,party,p0026,1
2504,flimsy fish,party,p0034,1
2505,flimsy fish,party,p0036,2
2506,flimsy fish,party,p0037,1
2507,flimsy fish,party,p0042,3
2508,flimsy fish,party,p0057,3
2509,flimsy fish,party,p0066,1
2510,flimsy fish,party,p0069,1
2511,flimsy fish,party,p0072,1
2512,flimsy fish,party,p0073,1
2513,flimsy fish,party,p0082,3
2514,flimsy fish,party,p0091,3
2515,flimsy fish,party,p0092,3
2516,flimsy fish,party,p0093,1
2517,flimsy fish,party,p0095,3
2518,flimsy fish,party,p0107,1
2519,flimsy fish,party,p0114,2
2520,flimsy fish,party,p0116,1
2521,flimsy fish,party,p0118,1
2522,flimsy fish,party,p0119,2
2523,flimsy fish,party,p0126,2
2524,flimsy fish,party,p0129,3
2525,flimsy fish,party,p0136,2
2526,flimsy fish,party,p0138,2
2527,flimsy fish,party,p0144,2
2528,flimsy fish,party,p0150,3
2529,flimsy fish,party,p0152,1
2530,flimsy fish,party,p0158,3
2531,flimsy fish,party,p0161,1
2532,flimsy fish,party,p0164,1
2533,flimsy fish,party,p0175,3
2534,flimsy fish,party,p0177,2
2535,flimsy fish,party,p0178,3
2536,flimsy fish,party,p0181,1
2537,flimsy fish,party,p0186,3
2538,flimsy fish,party,p0196,3
2539,flimsy fish,party,p0198,3
2540,flimsy fish,party,p0202,3
2541,flimsy fish,party,p0205,2
2542,flimsy fish,party,p0207,3
2543,flimsy fish,party,p0211,3
2544,flimsy fish,party,p0227,2
2545,flimsy fish,party,p0229,3
2546,flimsy fish,party,p0232,3
2547,flimsy fish,party,p0233,2
2548,flimsy fish,party,p0237,3
2549,flimsy fish,party,p0258,3
2550,flimsy fish,party,p0268,3
2551,flimsy fish,party,p0274,3
2552,flimsy fish,party,p0275,3
2553,flimsy fish,party,p0277,2
2554,flimsy fish,party,p0288,3
2555,flimsy fish,party,p0291,2
2556,flimsy fish,party,p0307,1
2557,flimsy fish,party,p0308,1
2558,flimsy fish,party,p0317,1
2559,flimsy fish,party,p0325,2
2560,flimsy fish,party,p0327,3
2561,flimsy fish,party,p0334,3
2562,flimsy fish,party,p0336,3
2563,flimsy fish,party,p0338,1
2564,flimsy fish,party,p0342,3
2565,flimsy fish,party,p0349,1
2566,flimsy fish,party,p0356,3
2567,flimsy fish,party,p0358,3
2568,flimsy fish,party,p0363,2
2569,flimsy fish,party,p0364,2
2570,flimsy fish,party,p0369,1
2571,flimsy fish,party,p0370,2
2572,flimsy fish,party,p0371,1
2573,flimsy fish,party,p0379,1
2574,flimsy fish,party,p0386,3
2575,flimsy fish,party,p0396,3
2576,flimsy fish,party,p0403,3
2577,flimsy fish,party,p0405,3
2578,flimsy fish,party,p0412,1
2579,flimsy fish,party,p0415,1
2580,flimsy fish,party,p0416,2
2581,flimsy fish,party,p0417,3
2582,flimsy fish,party,p0418,2
2583,flimsy fish,party,p0430,3
2584,flimsy fish,party,p0431,3
2585,flimsy fish,party,p0434,1
2586,flimsy fish,party,p0438,3
2587,flimsy fish,party,p0441,3
2588,flimsy fish,party,p0442,3
2589,flimsy fish,party,p0449,1
2590,flimsy fish,party,p0450,2
2591,flimsy fish,party,p0465,3
2592,flimsy fish,party,p0471,1
2593,flimsy fish,party,p0477,3
2594,flimsy fish,party,p0483,3
2595,flimsy fish,party,p0486,1
2596,flimsy fish,party,p0487,1
2597,flimsy fish,party,p0489,3
2598,flimsy fish,party,p0497,1
2599,flimsy fish,party,p0502,1
2600,flimsy fish,party,p0503,3
2601,flimsy fish,party,p0506,2
2602,flimsy fish,party,p0511,1
2603,flimsy fish,party,p0523,3
2604,flimsy fish,party,p0534,1
2605,flimsy fish,party,p0536,3
2606,flimsy fish,party,p0542,1
2607,flimsy fish,party,p0547,2
2608,flimsy fish,party,p0553,3
2609,flimsy fish,party,p0559,2
2610,flimsy fish,party,p0566,2
2611,flimsy fish,party,p0568,2
2612,flimsy fish,party,p0570,3
2613,flimsy fish,party,p0573,1
2614,flimsy fish,party,p0578,3
2615,flimsy fish,party,p0594,2
2616,flimsy fish,party,p0597,3
2617,flimsy fish,party,p0601,1
2618,flimsy fish,party,p0602,3
2619,flimsy fish,party,p0605,2
2620,flimsy fish,party,p0615,3
2621,flimsy fish,party,p0620,3
2622,flimsy fish,party,p0626,3
2623,flimsy fish,party,p0629,3
2624,flimsy fish,party,p0633,2
2625,flimsy fish,party,p0638,3
2626,flimsy fish,party,p0639,1
2627,flimsy fish,party,p0640,1
2628,flimsy fish,party,p0655,1
2629,flimsy fish,party,p0656,3
2630,flimsy fish,party,p0658,1
2631,flimsy fish,party,p0661,2
2632,flimsy fish,party,p0669,2
2633,flimsy fish,party,p0670,3
2634,flimsy fish,party,p0672,3
2635,flimsy fish,party,p0674,3
2636,flimsy fish,party,p0678,3
2637,flimsy fish,party,p0683,3
2638,flimsy fish,party,p0686,1
2639,flimsy fish,party,p0687,3
2640,flimsy fish,party,p0698,1
2641,flimsy fish,party,p0700,2
2642,flimsy fish,party,p0703,2
2643,flimsy fish,party,p0718,1
2644,flimsy fish,party,p0744,3
2645,flimsy fish,party,p0745,1
2646,flimsy fish,party,p0753,2
2647,flimsy fish,party,p0770,2
2648,flimsy fish,party,p0771,3
2649,flimsy fish,party,p0777,3
2650,flimsy fish,party,p0779,1
2651,flimsy fish,party,p0780,1
2652,flimsy fish,party,p0783,1
2653,flimsy fish,party,p0785,1
2654,flimsy fish,party,p0786,2
2655,flimsy fish,party,p0794,1
2656,flimsy fish,party,p0798,1
2657,flimsy fish,party,p0800,3
2658,flimsy fish,party,p0820,3
2659,flimsy fish,party,p0841,1
2660,flimsy fish,party,p0849,2
2661,flimsy fish,party,p0862,3
2662,flimsy fish,party,p0867,3
2663,flimsy fish,party,p0869,3
2664,flimsy fish,party,p0872,3
2665,flimsy fish,party,p0880,3
2666,flimsy fish,party,p0891,1
2667,flimsy fish,party,p0916,3
2668,flimsy fish,party,p0917,1
2669,flimsy fish,party,p0919,3
2670,flimsy fish,party,p0922,1
2671,flimsy fish,party,p0925,1
2672,flimsy fish,party,p0927,3
2673,flimsy fish,party,p0929,3
2674,flimsy fish,party,p0930,1
2675,flimsy fish,party,p0931,1
2676,flimsy fish,party,p0933,3
2677,flimsy fish,party,p0934,1
2678,flimsy fish,party,p0936,3
2679,flimsy fish,party,p0938,3
2680,flimsy fish,party,p0939,2
2681,flimsy fish,party,p0946,2
2682,flimsy fish,party,p0951,3
2683,flimsy fish,party,p0956,1
2684,flimsy fish,party,p0962,1
2685,flimsy fish,party,p0963,1
2686,flimsy fish,party,p0969,1
2687,flimsy fish,party,p0972,2
2688,flimsy fish,party,p0975,1
2689,flimsy fish,party,p0985,2
2690,flimsy fish,party,p0993,3
2691,flimsy fish,party,p0996,3
2692,flimsy fish,party,p1011,1
2693,flimsy fish,party,p1017,2
2694,flimsy fish,party,p1020,1
2695,flimsy fish,party,p1022,3
2696,flimsy fish,party,p1024,1
2697,flimsy fish,party,p1027,3
2698,flimsy fish,party,p1028,3
2699,flimsy fish,party,p1029,2
2700,flimsy fish,party,p1032,2
2701,flimsy fish,party,p1040,2
2702,flimsy fish,party,p1047,2
2703,flimsy fish,party,p1048,3
2704,flimsy fish,party,p1053,3
2705,flimsy fish,party,p1057,1
2706,flimsy fish,party,p1058,1
2707,flimsy fish,party,p1063,1
2708,flimsy fish,party,p1064,3
2709,flimsy fish,party,p1065,1
2710,flimsy fish,party,p1069,3
2711,flimsy fish,party,p1072,2
2712,flimsy fish,party,p1073,3
2713,flimsy fish,party,p1075,2
2714,flimsy fish,party,p1076,2
2715,flimsy fish,party,p1083,1
2716,flimsy fish,party,p1089,3
2717,flimsy fish,party,p1093,3
2718,flimsy fish,party,p1096,2
2719,flimsy fish,party,p1100,2
2720,flimsy fish,party,p1106,3
2721,flimsy fish,party,p1107,2
2722,flimsy fish,party,p1113,1
2723,flimsy fish,party,p1117,1
2724,flimsy fish,party,p1120,1
2725,flimsy fish,party,p1134,2
2726,flimsy fish,party,p1136,1
2727,flimsy fish,party,p1138,1
2728,flimsy fish,party,p1144,1
2729,flimsy fish,party,p1145,3
2730,flimsy fish,party,p1147,3
2731,flimsy fish,party,p1148,3
2732,flimsy fish,party,p1154,3
2733,flimsy fish,party,p1159,3
2734,flimsy fish,party,p1167,3
2735,flimsy fish,party,p1175,3
2736,flimsy fish,party,p1178,3
2737,flimsy fish,party,p1184,1
2738,flimsy fish,party,p1186,3
2739,flimsy fish,party,p1196,1
2740,flimsy fish,party,p1197,3
2741,flimsy fish,party,p1203,3
2742,flimsy fish,party,p1219,3
2743,flimsy fish,party,p1225,1
2744,flimsy fish,party,p1234,2
2745,flimsy fish,party,p1242,1
2746,flimsy fish,party,p1244,3
2747,flimsy fish,party,p1249,2
2748,flimsy fish,party,p1250,2
2749,flimsy fish,party,p1256,1
2750,flimsy fish,party,p1258,1
2751,flimsy fish,party,p1260,2
2752,flimsy fish,party,p1262,1
2753,flimsy fish,party,p1264,2
2754,flimsy fish,party,p1265,2
2755,flimsy fish,party,p1269,1
2756,flimsy fish,party,p1272,1
2757,flimsy fish,party,p1278,3
2758,flimsy fish,party,p1281,3
2759,flimsy fish,party,p1292,1
2760,flimsy fish,party,p1299,1
2761,flimsy fish,party,p1312,2
2762,flimsy fish,party,p1322,3
2763,flimsy fish,party,p1326,2
2764,flimsy fish,party,p1330,3
2765,flimsy fish,party,p1335,1
2766,flimsy fish,party,p1337,1
2767,flimsy fish,party,p1340,1
2768,flimsy fish,party,p1345,1
2769,flimsy fish,party,p1351,3
2770,flimsy fish,party,p1355,1
2771,flimsy fish,party,p1362,1
2772,flimsy fish,party,p1365,1
2773,flimsy fish,party,p1366,2
2774,flimsy fish,party,p1367,1
2775,flimsy fish,party,p1370,1
2776,flimsy fish,party,p1371,1
2777,flimsy fish,party,p1373,1
2778,flimsy fish,party,p1375,1
2779,flimsy fish,party,p1376,3
2780,flimsy fish,party,p1379,3
2781,flimsy fish,party,p1381,3
2782,flimsy fish,party,p1393,1
2783,flimsy fish,party,p1396,3
2784,flimsy fish,party,p1398,1
2785,flimsy fish,party,p1404,3
2786,flimsy fish,party,p1406,1
2787,flimsy fish,party,p1407,2
2788,flimsy fish,party,p1409,2
2789,flimsy fish,party,p1412,2
2790,flimsy fish,party,p1414,3
2791,flimsy fish,party,p1424,1
2792,flimsy fish,party,p1425,1
2793,flimsy fish,party,p1429,1
2794,flimsy fish,party,p1434,1
2795,flimsy fish,party,p1441,3
2796,flimsy fish,party,p1445,3
2797,flimsy fish,party,p1450,1
2798,flimsy fish,party,p1454,2
2799,flimsy fish,party,p1456,2
2800,flimsy fish,party,p1457,3
2801,flimsy fish,party,p1458,3
2802,flimsy fish,party,p1469,1
2803,flimsy fish,party,p1470,1
2804,flimsy fish,party,p1481,3
2805,flimsy fish,party,p1488,1
2806,flimsy fish,party,p1492,2
2807,flimsy fish,party,p1495,1
2808,flimsy fish,party,p1497,2
2809,flimsy fish,party,p1499,1
2810,flimsy fish,party,p1503,3
2811,flimsy fish,party,p1511,2
2812,flimsy fish,party,p1512,3
2813,flimsy fish,party,p1518,2
2814,flimsy fish,party,p1519,1
2815,flimsy fish,party,p1520,1
2816,flimsy fish,party,p1524,1
2817,flimsy fish,party,p1526,1
2818,flimsy fish,party,p1537,3
2819,flimsy fish,party,p1545,3
2820,flimsy fish,party,p1547,3
2821,flimsy fish,party,p1552,3
2822,flimsy fish,party,p1567,2
2823,flimsy fish,party,p1568,3
2824,flimsy fish,party,p1579,1
2825,flimsy fish,party,p1587,3
2826,flimsy fish,party,p1596,2
2827,flimsy fish,party,p1600,3
2828,flimsy fish,party,p1603,3
2829,flimsy fish,party,p1604,1
2830,flimsy fish,party,p1610,2
2831,flimsy fish,party,p1618,1
2832,flimsy fish,party,p1619,3
2833,flimsy fish,party,p1622,1
2834,flimsy fish,party,p1623,1
2835,flimsy fish,party,p1630,2
2836,flimsy fish,party,p1641,1
2837,flimsy fish,party,p1649,2
2838,flimsy fish,party,p1652,2
2839,flimsy fish,party,p1665,3
2840,flimsy fish,party,p1669,1
2841,flimsy fish,party,p1685,1
2842,flimsy fish,party,p1693,3
2843,flimsy fish,party,p1698,2
2844,flimsy fish,party,p1704,1
2845,flimsy fish,party,p1711,3
2846,flimsy fish,party,p1718,1
2847,flimsy fish,party,p1732,1
2848,flimsy fish,party,p1739,3
2849,flimsy fish,party,p1741,1
2850,flimsy fish,party,p1746,3
2851,flimsy fish,party,p1751,1
2852,flimsy fish,party,p1754,3
2853,flimsy fish,party,p1769,1
2854,flimsy fish,party,p1771,2
2855,flimsy fish,party,p1776,3
2856,flimsy fish,party,p1780,1
2857,flimsy fish,party,p1785,3
2858,flimsy fish,party,p1791,2
2859,flimsy fish,party,p1793,1
2860,flimsy fish,party,p1796,1
2861,flimsy fish,party,p1805,2
2862,flimsy fish,party,p1812,2
2863,flimsy fish,party,p1816,2
2864,flimsy fish,party,p1819,3
2865,flimsy fish,party,p1825,3
2866,flimsy fish,party,p1836,1
2867,flimsy fish,party,p1839,1
2868,flimsy fish,party,p1861,2
2869,flimsy fish,party,p1863,3
2870,flimsy fish,party,p1873,3
2871,flimsy fish,party,p1875,1
2872,flimsy fish,party,p1876,3
2873,flimsy fish,party,p1877,3
2874,flimsy fish,party,p1880,1
2875,flimsy fish,party,p1883,1
2876,flimsy fish,party,p1889,1
2877,flimsy fish,party,p1893,3
2878,flimsy fish,party,p1896,2
2879,flimsy fish,party,p1913,1
2880,flimsy fish,party,p1922,1
2881,flimsy fish,party,p1930,1
2882,flimsy fish,party,p1935,1
2883,flimsy fish,party,p1940,3
2884,flimsy fish,party,p1948,1
2885,flimsy fish,party,p1950,2
2886,flimsy fish,party,p1954,2
2887,flimsy fish,party,p1956,2
2888,flimsy fish,party,p1958,1
2889,flimsy fish,party,p1967,1
2890,flimsy fish,party,p1973,3
2891,flimsy fish,party,p1978,1
2892,flimsy fish,party,p1983,2
2893,flimsy fish,party,p1984,3
2894,flimsy fish,party,p1995,1
2895,flimsy fish,party,p1996,1
2896,flimsy fish,party,p1997,1
2897,flimsy fish,party,p2001,3
2898,flimsy fish,party,p2002,3
2899,flimsy fish,party,p2013,3
2900,flimsy fish,party,p2014,1
2901,flimsy fish,party,p2016,3
2902,flimsy fish,party,p2018,1
2903,flimsy fish,party,p2023,3
2904,flimsy fish,party,p2025,1
2905,flimsy fish,party,p2028,3
2906,flimsy fish,party,p2030,3
2907,flimsy fish,party,p2033,3
2908,flimsy fish,party,p2040,3
2909,flimsy fish,party,p2051,3
2910,flimsy fish,party,p2052,1
2911,flimsy fish,party,p2066,3
2912,flimsy fish,party,p2067,1
2913,flimsy fish,party,p2073,2
2914,flimsy fish,party,p2077,1
2915,flimsy fish,party,p2078,3
2916,flimsy fish,party,p2086,3
2917,flimsy fish,party,p2089,1
2918,flimsy fish,party,p2093,1
2919,flimsy fish,party,p2094,2
2920,flimsy fish,party,p2111,1
2921,flimsy fish,party,p2117,3
2922,flimsy fish,party,p2121,3
2923,flimsy fish,party,p2127,1
2924,flimsy fish,party,p2141,2
2925,flimsy fish,party,p2142,2
2926,flimsy fish,party,p2143,1
2927,flimsy fish,party,p2153,3
2928,flimsy fish,party,p2155,3
2929,flimsy fish,party,p2169,1
2930,flimsy fish,party,p2187,3
2931,flimsy fish,party,p2188,3
2932,flimsy fish,party,p2197,1
2933,flimsy fish,party,p2213,2
2934,flimsy fish,party,p2214,2
2935,flimsy fish,party,p2215,1
2936,flimsy fish,party,p2220,2
2937,flimsy fish,party,p2223,2
2938,flimsy fish,party,p2229,2
2939,flimsy fish,party,p2234,3
2940,flimsy fish,party,p2237,3
2941,flimsy fish,party,p2238,1
2942,flimsy fish,party,p2244,3
2943,flimsy fish,party,p2248,3
2944,flimsy fish,party,p2252,3
2945,flimsy fish,party,p2255,1
2946,flimsy fish,party,p2261,1
2947,flimsy fish,party,p2263,3
2948,flimsy fish,party,p2273,3
2949,flimsy fish,party,p2275,3
2950,flimsy fish,party,p2276,3
2951,flimsy fish,party,p2283,3
2952,flimsy fish,party,p2287,3
2953,flimsy fish,party,p2296,3
2954,flimsy fish,party,p2298,2
2955,flimsy fish,party,p2304,3
2956,flimsy fish,party,p2310,3
2957,flimsy fish,party,p2322,2
2958,flimsy fish,party,p2326,1
2959,flimsy fish,party,p2330,1
2960,flimsy fish,party,p2331,3
2961,flimsy fish,party,p2333,1
2962,flimsy fish,party,p2347,3
2963,flimsy fish,party,p2350,2
2964,flimsy fish,party,p2351,1
2965,flimsy fish,party,p2353,3
2966,flimsy fish,party,p2355,3
2967,flimsy fish,party,p2363,3
2968,flimsy fish,party,p2378,2
2969,flimsy fish,party,p2380,3
2970,flimsy fish,party,p2387,3
2971,flimsy fish,party,p2398,1
2972,flimsy fish,party,p2400,3
2973,flimsy fish,party,p2403,3
2974,flimsy fish,party,p2408,3
2975,flimsy fish,party,p2418,3
2976,flimsy fish,party,p2426,3
2977,flimsy fish,party,p2428,2
2978,flimsy fish,party,p2434,3
2979,flimsy fish,party,p2446,3
2980,flimsy fish,party,p2452,1
2981,flimsy fish,party,p2454,2
2982,flimsy fish,party,p2462,3
2983,flimsy fish,party,p2467,1
2984,flimsy fish,party,p2482,2
2985,flimsy fish,party,p2489,1
2986,flimsy fish,party,p2490,3
2987,flimsy fish,party,p2494,1
2988,flimsy fish,party,p2502,3
2989,flimsy fish,party,p2503,3
2990,flimsy fish,party,p2522,1
2991,flimsy fish,party,p2524,3
2992,flimsy fish,party,p2533,3
2993,flimsy fish,party,p2566,3
2994,flimsy fish,party,p2571,3
2995,flimsy fish,party,p2573,2
2996,flimsy fish,party,p2582,1
2997,flimsy fish,party,p2591,1
2998,flimsy fish,party,p2592,2
2999,flimsy fish,party,p2595,3
